{
	"credit": "Made with Blockbench",
	"textures": {
		"0": "item/goldsword",
		"particle": "item/goldsword"
	},
	"elements": [
		{
			"name": "royal_rapier_0",
			"from": [8, 5.625, 7.75],
			"to": [8.125, 11, 7.875],
			"faces": {
				"north": {"uv": [8.125, 5, 8, 10.375], "texture": "#0"},
				"east": {"uv": [8, 5, 8.125, 10.375], "texture": "#0"},
				"south": {"uv": [8, 5, 8.125, 10.375], "texture": "#0"},
				"west": {"uv": [8, 5, 8.125, 10.375], "texture": "#0"},
				"up": {"uv": [8, 5, 8.125, 5.125], "texture": "#0"},
				"down": {"uv": [8, 10.25, 8.125, 10.375], "texture": "#0"}
			}
		},
		{
			"name": "royal_rapier_1",
			"from": [7.875, 5.625, 7.75],
			"to": [8, 10.625, 7.875],
			"faces": {
				"north": {"uv": [8, 5.375, 7.875, 10.375], "texture": "#0"},
				"east": {"uv": [7.875, 5.375, 8, 10.375], "texture": "#0"},
				"south": {"uv": [7.875, 5.375, 8, 10.375], "texture": "#0"},
				"west": {"uv": [7.875, 5.375, 8, 10.375], "texture": "#0"},
				"up": {"uv": [7.875, 5.375, 8, 5.5], "texture": "#0"},
				"down": {"uv": [7.875, 10.25, 8, 10.375], "texture": "#0"}
			}
		},
		{
			"name": "royal_rapier_2",
			"from": [8.125, 5.625, 7.75],
			"to": [8.25, 10.625, 7.875],
			"faces": {
				"north": {"uv": [8.25, 5.375, 8.125, 10.375], "texture": "#0"},
				"east": {"uv": [8.125, 5.375, 8.25, 10.375], "texture": "#0"},
				"south": {"uv": [8.125, 5.375, 8.25, 10.375], "texture": "#0"},
				"west": {"uv": [8.125, 5.375, 8.25, 10.375], "texture": "#0"},
				"up": {"uv": [8.125, 5.375, 8.25, 5.5], "texture": "#0"},
				"down": {"uv": [8.125, 10.25, 8.25, 10.375], "texture": "#0"}
			}
		},
		{
			"name": "royal_rapier_3",
			"from": [7.375, 5.875, 7.55],
			"to": [7.625, 6, 8.075],
			"faces": {
				"north": {"uv": [8.625, 10.5, 8.375, 10.625], "texture": "#0"},
				"east": {"uv": [8.5, 10.5, 8.625, 10.625], "texture": "#0"},
				"south": {"uv": [8.375, 10.5, 8.625, 10.625], "texture": "#0"},
				"west": {"uv": [8.375, 10.5, 8.5, 10.625], "texture": "#0"},
				"up": {"uv": [8.375, 10.5, 8.625, 10.625], "texture": "#0"},
				"down": {"uv": [8.375, 10.5, 8.625, 10.625], "texture": "#0"}
			}
		},
		{
			"name": "royal_rapier_4",
			"from": [7.25, 5.625, 7.55],
			"to": [7.5, 5.875, 8.075],
			"faces": {
				"north": {"uv": [8.5, 10.625, 8.25, 10.875], "texture": "#0"},
				"east": {"uv": [8.375, 10.625, 8.5, 10.875], "texture": "#0"},
				"south": {"uv": [8.25, 10.625, 8.5, 10.875], "texture": "#0"},
				"west": {"uv": [8.25, 10.625, 8.375, 10.875], "texture": "#0"},
				"up": {"uv": [8.25, 10.625, 8.5, 10.75], "texture": "#0"},
				"down": {"uv": [8.25, 10.75, 8.5, 10.875], "texture": "#0"}
			}
		},
		{
			"name": "royal_rapier_5",
			"from": [7.5, 5.375, 7.55],
			"to": [7.625, 5.75, 8.075],
			"faces": {
				"north": {"uv": [8.625, 10.75, 8.5, 11.125], "texture": "#0"},
				"east": {"uv": [8.5, 10.75, 8.625, 11.125], "texture": "#0"},
				"south": {"uv": [8.5, 10.75, 8.625, 11.125], "texture": "#0"},
				"west": {"uv": [8.5, 10.75, 8.625, 11.125], "texture": "#0"},
				"up": {"uv": [8.5, 10.75, 8.625, 10.875], "texture": "#0"},
				"down": {"uv": [8.5, 11, 8.625, 11.125], "texture": "#0"}
			}
		},
		{
			"name": "royal_rapier_6",
			"from": [7.375, 5.5, 7.75],
			"to": [7.5, 5.625, 7.875],
			"faces": {
				"north": {"uv": [8.5, 10.875, 8.375, 11], "texture": "#0"},
				"east": {"uv": [8.375, 10.875, 8.5, 11], "texture": "#0"},
				"south": {"uv": [8.375, 10.875, 8.5, 11], "texture": "#0"},
				"west": {"uv": [8.375, 10.875, 8.5, 11], "texture": "#0"},
				"up": {"uv": [8.375, 10.875, 8.5, 11], "texture": "#0"},
				"down": {"uv": [8.375, 10.875, 8.5, 11], "texture": "#0"}
			}
		},
		{
			"name": "royal_rapier_7",
			"from": [7.625, 5.25, 7.55],
			"to": [8, 5.625, 8.075],
			"faces": {
				"north": {"uv": [9, 10.875, 8.625, 11.25], "texture": "#0"},
				"east": {"uv": [8.875, 10.875, 9, 11.25], "texture": "#0"},
				"south": {"uv": [8.625, 10.875, 9, 11.25], "texture": "#0"},
				"west": {"uv": [8.625, 10.875, 8.75, 11.25], "texture": "#0"},
				"up": {"uv": [8.625, 10.875, 9, 11], "texture": "#0"},
				"down": {"uv": [8.625, 11.125, 9, 11.25], "texture": "#0"}
			}
		},
		{
			"name": "royal_rapier_8",
			"from": [8, 5.375, 7.65],
			"to": [8.375, 5.625, 7.975],
			"faces": {
				"north": {"uv": [9.375, 10.875, 9, 11.125], "texture": "#0"},
				"east": {"uv": [9.25, 10.875, 9.375, 11.125], "texture": "#0"},
				"south": {"uv": [9, 10.875, 9.375, 11.125], "texture": "#0"},
				"west": {"uv": [9, 10.875, 9.125, 11.125], "texture": "#0"},
				"up": {"uv": [9, 10.875, 9.375, 11], "texture": "#0"},
				"down": {"uv": [9, 11, 9.375, 11.125], "texture": "#0"}
			}
		},
		{
			"name": "royal_rapier_9",
			"from": [8.875, 5.25, 7.55],
			"to": [9, 5.625, 8.075],
			"faces": {
				"north": {"uv": [10, 10.875, 9.875, 11.25], "texture": "#0"},
				"east": {"uv": [9.875, 10.875, 10, 11.25], "texture": "#0"},
				"south": {"uv": [9.875, 10.875, 10, 11.25], "texture": "#0"},
				"west": {"uv": [9.875, 10.875, 10, 11.25], "texture": "#0"},
				"up": {"uv": [9.875, 10.875, 10, 11], "texture": "#0"},
				"down": {"uv": [9.875, 11.125, 10, 11.25], "texture": "#0"}
			}
		},
		{
			"name": "royal_rapier_10",
			"from": [8.375, 5.125, 7.55],
			"to": [8.5, 5.5, 8.075],
			"faces": {
				"north": {"uv": [9.5, 11, 9.375, 11.375], "texture": "#0"},
				"east": {"uv": [9.375, 11, 9.5, 11.375], "texture": "#0"},
				"south": {"uv": [9.375, 11, 9.5, 11.375], "texture": "#0"},
				"west": {"uv": [9.375, 11, 9.5, 11.375], "texture": "#0"},
				"up": {"uv": [9.375, 11, 9.5, 11.125], "texture": "#0"},
				"down": {"uv": [9.375, 11.25, 9.5, 11.375], "texture": "#0"}
			}
		},
		{
			"name": "royal_rapier_11",
			"from": [8.625, 5.25, 7.55],
			"to": [8.875, 5.5, 8.075],
			"faces": {
				"north": {"uv": [9.875, 11, 9.625, 11.25], "texture": "#0"},
				"east": {"uv": [9.75, 11, 9.875, 11.25], "texture": "#0"},
				"south": {"uv": [9.625, 11, 9.875, 11.25], "texture": "#0"},
				"west": {"uv": [9.625, 11, 9.75, 11.25], "texture": "#0"},
				"up": {"uv": [9.625, 11, 9.875, 11.125], "texture": "#0"},
				"down": {"uv": [9.625, 11.125, 9.875, 11.25], "texture": "#0"}
			}
		},
		{
			"name": "royal_rapier_12",
			"from": [7.375, 5, 7.7],
			"to": [7.625, 5.375, 7.925],
			"faces": {
				"north": {"uv": [7.625, 11.125, 7.375, 11.5], "texture": "#0"},
				"east": {"uv": [7.5, 11.125, 7.625, 11.5], "texture": "#0"},
				"south": {"uv": [7.375, 11.125, 7.625, 11.5], "texture": "#0"},
				"west": {"uv": [7.375, 11.125, 7.5, 11.5], "texture": "#0"},
				"up": {"uv": [7.375, 11.125, 7.625, 11.25], "texture": "#0"},
				"down": {"uv": [7.375, 11.375, 7.625, 11.5], "texture": "#0"}
			}
		},
		{
			"name": "royal_rapier_13",
			"from": [8.125, 5.25, 7.55],
			"to": [8.375, 5.375, 8.075],
			"faces": {
				"north": {"uv": [9.375, 11.125, 9.125, 11.25], "texture": "#0"},
				"east": {"uv": [9.25, 11.125, 9.375, 11.25], "texture": "#0"},
				"south": {"uv": [9.125, 11.125, 9.375, 11.25], "texture": "#0"},
				"west": {"uv": [9.125, 11.125, 9.25, 11.25], "texture": "#0"},
				"up": {"uv": [9.125, 11.125, 9.375, 11.25], "texture": "#0"},
				"down": {"uv": [9.125, 11.125, 9.375, 11.25], "texture": "#0"}
			}
		},
		{
			"name": "royal_rapier_14",
			"from": [8.5, 5.125, 7.55],
			"to": [8.625, 5.375, 8.075],
			"faces": {
				"north": {"uv": [9.625, 11.125, 9.5, 11.375], "texture": "#0"},
				"east": {"uv": [9.5, 11.125, 9.625, 11.375], "texture": "#0"},
				"south": {"uv": [9.5, 11.125, 9.625, 11.375], "texture": "#0"},
				"west": {"uv": [9.5, 11.125, 9.625, 11.375], "texture": "#0"},
				"up": {"uv": [9.5, 11.125, 9.625, 11.25], "texture": "#0"},
				"down": {"uv": [9.5, 11.25, 9.625, 11.375], "texture": "#0"}
			}
		},
		{
			"name": "royal_rapier_15",
			"from": [8, 2.875, 7.65],
			"to": [8.125, 5.375, 7.975],
			"faces": {
				"north": {"uv": [10.625, 11.125, 10.5, 13.625], "texture": "#0"},
				"east": {"uv": [10.5, 11.125, 10.625, 13.625], "texture": "#0"},
				"south": {"uv": [10.5, 11.125, 10.625, 13.625], "texture": "#0"},
				"west": {"uv": [10.5, 11.125, 10.625, 13.625], "texture": "#0"},
				"up": {"uv": [10.5, 11.125, 10.625, 11.25], "texture": "#0"},
				"down": {"uv": [10.5, 13.5, 10.625, 13.625], "texture": "#0"}
			}
		},
		{
			"name": "royal_rapier_16",
			"from": [7.25, 3.5, 7.7],
			"to": [7.375, 5.25, 7.925],
			"faces": {
				"north": {"uv": [7.375, 11.25, 7.25, 13], "texture": "#0"},
				"east": {"uv": [7.25, 11.25, 7.375, 13], "texture": "#0"},
				"south": {"uv": [7.25, 11.25, 7.375, 13], "texture": "#0"},
				"west": {"uv": [7.25, 11.25, 7.375, 13], "texture": "#0"},
				"up": {"uv": [7.25, 11.25, 7.375, 11.375], "texture": "#0"},
				"down": {"uv": [7.25, 12.875, 7.375, 13], "texture": "#0"}
			}
		},
		{
			"name": "royal_rapier_17",
			"from": [7.625, 5.125, 7.7],
			"to": [7.875, 5.25, 7.925],
			"faces": {
				"north": {"uv": [7.875, 11.25, 7.625, 11.375], "texture": "#0"},
				"east": {"uv": [7.75, 11.25, 7.875, 11.375], "texture": "#0"},
				"south": {"uv": [7.625, 11.25, 7.875, 11.375], "texture": "#0"},
				"west": {"uv": [7.625, 11.25, 7.75, 11.375], "texture": "#0"},
				"up": {"uv": [7.625, 11.25, 7.875, 11.375], "texture": "#0"},
				"down": {"uv": [7.625, 11.25, 7.875, 11.375], "texture": "#0"}
			}
		},
		{
			"name": "royal_rapier_18",
			"from": [8.25, 5.125, 7.55],
			"to": [8.375, 5.25, 8.075],
			"faces": {
				"north": {"uv": [9.375, 11.25, 9.25, 11.375], "texture": "#0"},
				"east": {"uv": [9.25, 11.25, 9.375, 11.375], "texture": "#0"},
				"south": {"uv": [9.25, 11.25, 9.375, 11.375], "texture": "#0"},
				"west": {"uv": [9.25, 11.25, 9.375, 11.375], "texture": "#0"},
				"up": {"uv": [9.25, 11.25, 9.375, 11.375], "texture": "#0"},
				"down": {"uv": [9.25, 11.25, 9.375, 11.375], "texture": "#0"}
			}
		},
		{
			"name": "royal_rapier_19",
			"from": [8.625, 5.125, 7.55],
			"to": [8.75, 5.25, 8.075],
			"faces": {
				"north": {"uv": [9.75, 11.25, 9.625, 11.375], "texture": "#0"},
				"east": {"uv": [9.625, 11.25, 9.75, 11.375], "texture": "#0"},
				"south": {"uv": [9.625, 11.25, 9.75, 11.375], "texture": "#0"},
				"west": {"uv": [9.625, 11.25, 9.75, 11.375], "texture": "#0"},
				"up": {"uv": [9.625, 11.25, 9.75, 11.375], "texture": "#0"},
				"down": {"uv": [9.625, 11.25, 9.75, 11.375], "texture": "#0"}
			}
		},
		{
			"name": "royal_rapier_20",
			"from": [7.875, 2.875, 7.65],
			"to": [8, 5.25, 7.975],
			"faces": {
				"north": {"uv": [10.5, 11.25, 10.375, 13.625], "texture": "#0"},
				"east": {"uv": [10.375, 11.25, 10.5, 13.625], "texture": "#0"},
				"south": {"uv": [10.375, 11.25, 10.5, 13.625], "texture": "#0"},
				"west": {"uv": [10.375, 11.25, 10.5, 13.625], "texture": "#0"},
				"up": {"uv": [10.375, 11.25, 10.5, 11.375], "texture": "#0"},
				"down": {"uv": [10.375, 13.5, 10.5, 13.625], "texture": "#0"}
			}
		},
		{
			"name": "royal_rapier_21",
			"from": [8.125, 3, 7.65],
			"to": [8.25, 5.25, 7.975],
			"faces": {
				"north": {"uv": [10.75, 11.25, 10.625, 13.5], "texture": "#0"},
				"east": {"uv": [10.625, 11.25, 10.75, 13.5], "texture": "#0"},
				"south": {"uv": [10.625, 11.25, 10.75, 13.5], "texture": "#0"},
				"west": {"uv": [10.625, 11.25, 10.75, 13.5], "texture": "#0"},
				"up": {"uv": [10.625, 11.25, 10.75, 11.375], "texture": "#0"},
				"down": {"uv": [10.625, 13.375, 10.75, 13.5], "texture": "#0"}
			}
		},
		{
			"name": "royal_rapier_22",
			"from": [7.125, 3.75, 7.7],
			"to": [7.25, 5.125, 7.925],
			"faces": {
				"north": {"uv": [7.25, 11.375, 7.125, 12.75], "texture": "#0"},
				"east": {"uv": [7.125, 11.375, 7.25, 12.75], "texture": "#0"},
				"south": {"uv": [7.125, 11.375, 7.25, 12.75], "texture": "#0"},
				"west": {"uv": [7.125, 11.375, 7.25, 12.75], "texture": "#0"},
				"up": {"uv": [7.125, 11.375, 7.25, 11.5], "texture": "#0"},
				"down": {"uv": [7.125, 12.625, 7.25, 12.75], "texture": "#0"}
			}
		},
		{
			"name": "royal_rapier_23",
			"from": [7.375, 4.875, 7.7],
			"to": [7.5, 5, 7.925],
			"faces": {
				"north": {"uv": [7.5, 11.5, 7.375, 11.625], "texture": "#0"},
				"east": {"uv": [7.375, 11.5, 7.5, 11.625], "texture": "#0"},
				"south": {"uv": [7.375, 11.5, 7.5, 11.625], "texture": "#0"},
				"west": {"uv": [7.375, 11.5, 7.5, 11.625], "texture": "#0"},
				"up": {"uv": [7.375, 11.5, 7.5, 11.625], "texture": "#0"},
				"down": {"uv": [7.375, 11.5, 7.5, 11.625], "texture": "#0"}
			}
		},
		{
			"name": "royal_rapier_24",
			"from": [7, 4, 7.7],
			"to": [7.125, 4.875, 7.925],
			"faces": {
				"north": {"uv": [7.125, 11.625, 7, 12.5], "texture": "#0"},
				"east": {"uv": [7, 11.625, 7.125, 12.5], "texture": "#0"},
				"south": {"uv": [7, 11.625, 7.125, 12.5], "texture": "#0"},
				"west": {"uv": [7, 11.625, 7.125, 12.5], "texture": "#0"},
				"up": {"uv": [7, 11.625, 7.125, 11.75], "texture": "#0"},
				"down": {"uv": [7, 12.375, 7.125, 12.5], "texture": "#0"}
			}
		},
		{
			"name": "royal_rapier_25",
			"from": [7.375, 3.5, 7.7],
			"to": [7.5, 3.875, 7.925],
			"faces": {
				"north": {"uv": [7.5, 12.625, 7.375, 13], "texture": "#0"},
				"east": {"uv": [7.375, 12.625, 7.5, 13], "texture": "#0"},
				"south": {"uv": [7.375, 12.625, 7.5, 13], "texture": "#0"},
				"west": {"uv": [7.375, 12.625, 7.5, 13], "texture": "#0"},
				"up": {"uv": [7.375, 12.625, 7.5, 12.75], "texture": "#0"},
				"down": {"uv": [7.375, 12.875, 7.5, 13], "texture": "#0"}
			}
		},
		{
			"name": "royal_rapier_26",
			"from": [7.5, 3.25, 7.7],
			"to": [7.625, 3.75, 7.925],
			"faces": {
				"north": {"uv": [7.625, 12.75, 7.5, 13.25], "texture": "#0"},
				"east": {"uv": [7.5, 12.75, 7.625, 13.25], "texture": "#0"},
				"south": {"uv": [7.5, 12.75, 7.625, 13.25], "texture": "#0"},
				"west": {"uv": [7.5, 12.75, 7.625, 13.25], "texture": "#0"},
				"up": {"uv": [7.5, 12.75, 7.625, 12.875], "texture": "#0"},
				"down": {"uv": [7.5, 13.125, 7.625, 13.25], "texture": "#0"}
			}
		},
		{
			"name": "royal_rapier_27",
			"from": [7.625, 3, 7.7],
			"to": [7.75, 3.625, 7.925],
			"faces": {
				"north": {"uv": [7.75, 12.875, 7.625, 13.5], "texture": "#0"},
				"east": {"uv": [7.625, 12.875, 7.75, 13.5], "texture": "#0"},
				"south": {"uv": [7.625, 12.875, 7.75, 13.5], "texture": "#0"},
				"west": {"uv": [7.625, 12.875, 7.75, 13.5], "texture": "#0"},
				"up": {"uv": [7.625, 12.875, 7.75, 13], "texture": "#0"},
				"down": {"uv": [7.625, 13.375, 7.75, 13.5], "texture": "#0"}
			}
		},
		{
			"name": "royal_rapier_28",
			"from": [7.75, 2.75, 7.7],
			"to": [7.875, 3.5, 7.925],
			"faces": {
				"north": {"uv": [7.875, 13, 7.75, 13.75], "texture": "#0"},
				"east": {"uv": [7.75, 13, 7.875, 13.75], "texture": "#0"},
				"south": {"uv": [7.75, 13, 7.875, 13.75], "texture": "#0"},
				"west": {"uv": [7.75, 13, 7.875, 13.75], "texture": "#0"},
				"up": {"uv": [7.75, 13, 7.875, 13.125], "texture": "#0"},
				"down": {"uv": [7.75, 13.625, 7.875, 13.75], "texture": "#0"}
			}
		},
		{
			"name": "royal_rapier_29",
			"from": [8.25, 3, 7.55],
			"to": [8.5, 3.125, 8.075],
			"faces": {
				"north": {"uv": [11.25, 13.375, 11, 13.5], "texture": "#0"},
				"east": {"uv": [11.125, 13.375, 11.25, 13.5], "texture": "#0"},
				"south": {"uv": [11, 13.375, 11.25, 13.5], "texture": "#0"},
				"west": {"uv": [11, 13.375, 11.125, 13.5], "texture": "#0"},
				"up": {"uv": [11, 13.375, 11.25, 13.5], "texture": "#0"},
				"down": {"uv": [11, 13.375, 11.25, 13.5], "texture": "#0"}
			}
		},
		{
			"name": "royal_rapier_30",
			"from": [8.125, 2.875, 7.55],
			"to": [8.375, 3, 8.075],
			"faces": {
				"north": {"uv": [11.125, 13.5, 10.875, 13.625], "texture": "#0"},
				"east": {"uv": [11, 13.5, 11.125, 13.625], "texture": "#0"},
				"south": {"uv": [10.875, 13.5, 11.125, 13.625], "texture": "#0"},
				"west": {"uv": [10.875, 13.5, 11, 13.625], "texture": "#0"},
				"up": {"uv": [10.875, 13.5, 11.125, 13.625], "texture": "#0"},
				"down": {"uv": [10.875, 13.5, 11.125, 13.625], "texture": "#0"}
			}
		},
		{
			"name": "royal_rapier_31",
			"from": [7.625, 2.625, 7.75],
			"to": [7.75, 2.875, 7.875],
			"faces": {
				"north": {"uv": [7.75, 13.625, 7.625, 13.875], "texture": "#0"},
				"east": {"uv": [7.625, 13.625, 7.75, 13.875], "texture": "#0"},
				"south": {"uv": [7.625, 13.625, 7.75, 13.875], "texture": "#0"},
				"west": {"uv": [7.625, 13.625, 7.75, 13.875], "texture": "#0"},
				"up": {"uv": [7.625, 13.625, 7.75, 13.75], "texture": "#0"},
				"down": {"uv": [7.625, 13.75, 7.75, 13.875], "texture": "#0"}
			}
		},
		{
			"name": "royal_rapier_32",
			"from": [8, 2.625, 7.55],
			"to": [8.25, 2.875, 8.075],
			"faces": {
				"north": {"uv": [11, 13.625, 10.75, 13.875], "texture": "#0"},
				"east": {"uv": [10.875, 13.625, 11, 13.875], "texture": "#0"},
				"south": {"uv": [10.75, 13.625, 11, 13.875], "texture": "#0"},
				"west": {"uv": [10.75, 13.625, 10.875, 13.875], "texture": "#0"},
				"up": {"uv": [10.75, 13.625, 11, 13.75], "texture": "#0"},
				"down": {"uv": [10.75, 13.75, 11, 13.875], "texture": "#0"}
			}
		},
		{
			"name": "royal_rapier_33",
			"from": [7.375, 2.625, 7.75],
			"to": [7.625, 2.75, 7.875],
			"faces": {
				"north": {"uv": [7.625, 13.75, 7.375, 13.875], "texture": "#0"},
				"east": {"uv": [7.5, 13.75, 7.625, 13.875], "texture": "#0"},
				"south": {"uv": [7.375, 13.75, 7.625, 13.875], "texture": "#0"},
				"west": {"uv": [7.375, 13.75, 7.5, 13.875], "texture": "#0"},
				"up": {"uv": [7.375, 13.75, 7.625, 13.875], "texture": "#0"},
				"down": {"uv": [7.375, 13.75, 7.625, 13.875], "texture": "#0"}
			}
		},
		{
			"name": "royal_rapier_34",
			"from": [7.375, 2.5, 7.75],
			"to": [7.5, 2.625, 7.875],
			"faces": {
				"north": {"uv": [7.5, 13.875, 7.375, 14], "texture": "#0"},
				"east": {"uv": [7.375, 13.875, 7.5, 14], "texture": "#0"},
				"south": {"uv": [7.375, 13.875, 7.5, 14], "texture": "#0"},
				"west": {"uv": [7.375, 13.875, 7.5, 14], "texture": "#0"},
				"up": {"uv": [7.375, 13.875, 7.5, 14], "texture": "#0"},
				"down": {"uv": [7.375, 13.875, 7.5, 14], "texture": "#0"}
			}
		},
		{
			"name": "royal_rapier_35",
			"from": [8, 2.5, 7.55],
			"to": [8.125, 2.625, 8.075],
			"faces": {
				"north": {"uv": [10.875, 13.875, 10.75, 14], "texture": "#0"},
				"east": {"uv": [10.75, 13.875, 10.875, 14], "texture": "#0"},
				"south": {"uv": [10.75, 13.875, 10.875, 14], "texture": "#0"},
				"west": {"uv": [10.75, 13.875, 10.875, 14], "texture": "#0"},
				"up": {"uv": [10.75, 13.875, 10.875, 14], "texture": "#0"},
				"down": {"uv": [10.75, 13.875, 10.875, 14], "texture": "#0"}
			}
		}
	],
	"gui_light": "front",
	"display": {
		"thirdperson_righthand": {
			"rotation": [0, -90, 0],
			"translation": [-0.5, 10, 1],
			"scale": [3.25, 3.25, 3]
		},
		"thirdperson_lefthand": {
			"rotation": [0, 90, 0],
			"translation": [0.25, 10, 1],
			"scale": [3.25, 3.25, 3]
		},
		"firstperson_righthand": {
			"rotation": [-11, -90, -4],
			"translation": [-0.5, 9, 2.75],
			"scale": [2, 2, 1.75]
		},
		"firstperson_lefthand": {
			"rotation": [-9, 90, 1],
			"translation": [0, 8.5, 2.25],
			"scale": [2, 2, 1.75]
		},
		"ground": {
			"translation": [0, 11.5, 0],
			"scale": [3, 3, 2.5]
		},
		"gui": {
			"rotation": [0, 0, -42],
			"translation": [2.5, 2.25, 0],
			"scale": [3, 3, 1]
		},
		"fixed": {
			"rotation": [-180, 0, 138],
			"translation": [-3.5, 5, -0.75],
			"scale": [4, 4, 3]
		}
	},
	"groups": [
		{
			"name": "royal_rapier",
			"origin": [8, 8, 8],
			"color": 0,
			"children": [0, 1, 2, 3, 4, 5, 6, 7, 8, 9, 10, 11, 12, 13, 14, 15, 16, 17, 18, 19, 20, 21, 22, 23, 24, 25, 26, 27, 28, 29, 30, 31, 32, 33, 34, 35]
		}
	]
}