{
	"credit": "Made with Blockbench",
	"textures": {
		"0": "item/woodensword",
		"particle": "item/woodensword"
	},
	"elements": [
		{
			"name": "woodensword_0",
			"from": [8, 11.125, 8.25],
			"to": [8.125, 11.375, 8.375],
			"faces": {
				"north": {"uv": [7.125, 4.625, 7, 4.875], "texture": "#0"},
				"east": {"uv": [7, 4.625, 7.125, 4.875], "texture": "#0"},
				"south": {"uv": [7, 4.625, 7.125, 4.875], "texture": "#0"},
				"west": {"uv": [7, 4.625, 7.125, 4.875], "texture": "#0"},
				"up": {"uv": [7, 4.625, 7.125, 4.75], "texture": "#0"},
				"down": {"uv": [7, 4.75, 7.125, 4.875], "texture": "#0"}
			}
		},
		{
			"name": "woodensword_1",
			"from": [7.875, 10.875, 8.25],
			"to": [8, 11.125, 8.375],
			"faces": {
				"north": {"uv": [7, 4.875, 6.875, 5.125], "texture": "#0"},
				"east": {"uv": [6.875, 4.875, 7, 5.125], "texture": "#0"},
				"south": {"uv": [6.875, 4.875, 7, 5.125], "texture": "#0"},
				"west": {"uv": [6.875, 4.875, 7, 5.125], "texture": "#0"},
				"up": {"uv": [6.875, 4.875, 7, 5], "texture": "#0"},
				"down": {"uv": [6.875, 5, 7, 5.125], "texture": "#0"}
			}
		},
		{
			"name": "woodensword_2",
			"from": [8.125, 10.875, 8.25],
			"to": [8.25, 11.125, 8.375],
			"faces": {
				"north": {"uv": [7.25, 4.875, 7.125, 5.125], "texture": "#0"},
				"east": {"uv": [7.125, 4.875, 7.25, 5.125], "texture": "#0"},
				"south": {"uv": [7.125, 4.875, 7.25, 5.125], "texture": "#0"},
				"west": {"uv": [7.125, 4.875, 7.25, 5.125], "texture": "#0"},
				"up": {"uv": [7.125, 4.875, 7.25, 5], "texture": "#0"},
				"down": {"uv": [7.125, 5, 7.25, 5.125], "texture": "#0"}
			}
		},
		{
			"name": "woodensword_3",
			"from": [8, 6.125, 8.2],
			"to": [8.125, 11.125, 8.425],
			"faces": {
				"north": {"uv": [8.125, 4.875, 8, 9.875], "texture": "#0"},
				"east": {"uv": [8, 4.875, 8.125, 9.875], "texture": "#0"},
				"south": {"uv": [8, 4.875, 8.125, 9.875], "texture": "#0"},
				"west": {"uv": [8, 4.875, 8.125, 9.875], "texture": "#0"},
				"up": {"uv": [8, 4.875, 8.125, 5], "texture": "#0"},
				"down": {"uv": [8, 9.75, 8.125, 9.875], "texture": "#0"}
			}
		},
		{
			"name": "woodensword_4",
			"from": [7.75, 6, 8.25],
			"to": [7.875, 10.875, 8.375],
			"faces": {
				"north": {"uv": [6.875, 5.125, 6.75, 10], "texture": "#0"},
				"east": {"uv": [6.75, 5.125, 6.875, 10], "texture": "#0"},
				"south": {"uv": [6.75, 5.125, 6.875, 10], "texture": "#0"},
				"west": {"uv": [6.75, 5.125, 6.875, 10], "texture": "#0"},
				"up": {"uv": [6.75, 5.125, 6.875, 5.25], "texture": "#0"},
				"down": {"uv": [6.75, 9.875, 6.875, 10], "texture": "#0"}
			}
		},
		{
			"name": "woodensword_5",
			"from": [8.25, 6, 8.25],
			"to": [8.375, 10.875, 8.375],
			"faces": {
				"north": {"uv": [7.375, 5.125, 7.25, 10], "texture": "#0"},
				"east": {"uv": [7.25, 5.125, 7.375, 10], "texture": "#0"},
				"south": {"uv": [7.25, 5.125, 7.375, 10], "texture": "#0"},
				"west": {"uv": [7.25, 5.125, 7.375, 10], "texture": "#0"},
				"up": {"uv": [7.25, 5.125, 7.375, 5.25], "texture": "#0"},
				"down": {"uv": [7.25, 9.875, 7.375, 10], "texture": "#0"}
			}
		},
		{
			"name": "woodensword_6",
			"from": [7.875, 6.125, 8.2],
			"to": [8, 10.875, 8.425],
			"faces": {
				"north": {"uv": [8, 5.125, 7.875, 9.875], "texture": "#0"},
				"east": {"uv": [7.875, 5.125, 8, 9.875], "texture": "#0"},
				"south": {"uv": [7.875, 5.125, 8, 9.875], "texture": "#0"},
				"west": {"uv": [7.875, 5.125, 8, 9.875], "texture": "#0"},
				"up": {"uv": [7.875, 5.125, 8, 5.25], "texture": "#0"},
				"down": {"uv": [7.875, 9.75, 8, 9.875], "texture": "#0"}
			}
		},
		{
			"name": "woodensword_7",
			"from": [8.125, 6.125, 8.2],
			"to": [8.25, 10.875, 8.425],
			"faces": {
				"north": {"uv": [8.25, 5.125, 8.125, 9.875], "texture": "#0"},
				"east": {"uv": [8.125, 5.125, 8.25, 9.875], "texture": "#0"},
				"south": {"uv": [8.125, 5.125, 8.25, 9.875], "texture": "#0"},
				"west": {"uv": [8.125, 5.125, 8.25, 9.875], "texture": "#0"},
				"up": {"uv": [8.125, 5.125, 8.25, 5.25], "texture": "#0"},
				"down": {"uv": [8.125, 9.75, 8.25, 9.875], "texture": "#0"}
			}
		},
		{
			"name": "woodensword_8",
			"from": [7.875, 5.625, 8.1],
			"to": [8.25, 6.125, 8.525],
			"faces": {
				"north": {"uv": [9.5, 9.875, 9.125, 10.375], "texture": "#0"},
				"east": {"uv": [9.375, 9.875, 9.5, 10.375], "texture": "#0"},
				"south": {"uv": [9.125, 9.875, 9.5, 10.375], "texture": "#0"},
				"west": {"uv": [9.125, 9.875, 9.25, 10.375], "texture": "#0"},
				"up": {"uv": [9.125, 9.875, 9.5, 10], "texture": "#0"},
				"down": {"uv": [9.125, 10.25, 9.5, 10.375], "texture": "#0"}
			}
		},
		{
			"name": "woodensword_9",
			"from": [7.625, 5.375, 8.1],
			"to": [7.875, 6, 8.525],
			"faces": {
				"north": {"uv": [9.125, 10, 8.875, 10.625], "texture": "#0"},
				"east": {"uv": [9, 10, 9.125, 10.625], "texture": "#0"},
				"south": {"uv": [8.875, 10, 9.125, 10.625], "texture": "#0"},
				"west": {"uv": [8.875, 10, 9, 10.625], "texture": "#0"},
				"up": {"uv": [8.875, 10, 9.125, 10.125], "texture": "#0"},
				"down": {"uv": [8.875, 10.5, 9.125, 10.625], "texture": "#0"}
			}
		},
		{
			"name": "woodensword_10",
			"from": [8.25, 5.375, 8.1],
			"to": [8.5, 6, 8.525],
			"faces": {
				"north": {"uv": [9.75, 10, 9.5, 10.625], "texture": "#0"},
				"east": {"uv": [9.625, 10, 9.75, 10.625], "texture": "#0"},
				"south": {"uv": [9.5, 10, 9.75, 10.625], "texture": "#0"},
				"west": {"uv": [9.5, 10, 9.625, 10.625], "texture": "#0"},
				"up": {"uv": [9.5, 10, 9.75, 10.125], "texture": "#0"},
				"down": {"uv": [9.5, 10.5, 9.75, 10.625], "texture": "#0"}
			}
		},
		{
			"name": "woodensword_11",
			"from": [7.5, 5.375, 8.1],
			"to": [7.625, 5.875, 8.525],
			"faces": {
				"north": {"uv": [8.875, 10.125, 8.75, 10.625], "texture": "#0"},
				"east": {"uv": [8.75, 10.125, 8.875, 10.625], "texture": "#0"},
				"south": {"uv": [8.75, 10.125, 8.875, 10.625], "texture": "#0"},
				"west": {"uv": [8.75, 10.125, 8.875, 10.625], "texture": "#0"},
				"up": {"uv": [8.75, 10.125, 8.875, 10.25], "texture": "#0"},
				"down": {"uv": [8.75, 10.5, 8.875, 10.625], "texture": "#0"}
			}
		},
		{
			"name": "woodensword_12",
			"from": [8.5, 5.375, 8.1],
			"to": [8.625, 5.875, 8.525],
			"faces": {
				"north": {"uv": [9.875, 10.125, 9.75, 10.625], "texture": "#0"},
				"east": {"uv": [9.75, 10.125, 9.875, 10.625], "texture": "#0"},
				"south": {"uv": [9.75, 10.125, 9.875, 10.625], "texture": "#0"},
				"west": {"uv": [9.75, 10.125, 9.875, 10.625], "texture": "#0"},
				"up": {"uv": [9.75, 10.125, 9.875, 10.25], "texture": "#0"},
				"down": {"uv": [9.75, 10.5, 9.875, 10.625], "texture": "#0"}
			}
		},
		{
			"name": "woodensword_13",
			"from": [8, 3.5, 8.15],
			"to": [8.125, 5.625, 8.475],
			"faces": {
				"north": {"uv": [8.125, 10.375, 8, 12.5], "texture": "#0"},
				"east": {"uv": [8, 10.375, 8.125, 12.5], "texture": "#0"},
				"south": {"uv": [8, 10.375, 8.125, 12.5], "texture": "#0"},
				"west": {"uv": [8, 10.375, 8.125, 12.5], "texture": "#0"},
				"up": {"uv": [8, 10.375, 8.125, 10.5], "texture": "#0"},
				"down": {"uv": [8, 12.375, 8.125, 12.5], "texture": "#0"}
			}
		},
		{
			"name": "woodensword_14",
			"from": [7.875, 5.5, 8.1],
			"to": [8, 5.625, 8.525],
			"faces": {
				"north": {"uv": [9.25, 10.375, 9.125, 10.5], "texture": "#0"},
				"east": {"uv": [9.125, 10.375, 9.25, 10.5], "texture": "#0"},
				"south": {"uv": [9.125, 10.375, 9.25, 10.5], "texture": "#0"},
				"west": {"uv": [9.125, 10.375, 9.25, 10.5], "texture": "#0"},
				"up": {"uv": [9.125, 10.375, 9.25, 10.5], "texture": "#0"},
				"down": {"uv": [9.125, 10.375, 9.25, 10.5], "texture": "#0"}
			}
		},
		{
			"name": "woodensword_15",
			"from": [8.125, 5.5, 8.1],
			"to": [8.25, 5.625, 8.525],
			"faces": {
				"north": {"uv": [9.5, 10.375, 9.375, 10.5], "texture": "#0"},
				"east": {"uv": [9.375, 10.375, 9.5, 10.5], "texture": "#0"},
				"south": {"uv": [9.375, 10.375, 9.5, 10.5], "texture": "#0"},
				"west": {"uv": [9.375, 10.375, 9.5, 10.5], "texture": "#0"},
				"up": {"uv": [9.375, 10.375, 9.5, 10.5], "texture": "#0"},
				"down": {"uv": [9.375, 10.375, 9.5, 10.5], "texture": "#0"}
			}
		},
		{
			"name": "woodensword_16",
			"from": [7.875, 3.5, 8.15],
			"to": [8, 5.5, 8.475],
			"faces": {
				"north": {"uv": [8, 10.5, 7.875, 12.5], "texture": "#0"},
				"east": {"uv": [7.875, 10.5, 8, 12.5], "texture": "#0"},
				"south": {"uv": [7.875, 10.5, 8, 12.5], "texture": "#0"},
				"west": {"uv": [7.875, 10.5, 8.25, 12.5], "texture": "#0"},
				"up": {"uv": [7.875, 10.5, 8, 10.625], "texture": "#0"},
				"down": {"uv": [7.875, 12.375, 8, 12.5], "texture": "#0"}
			}
		},
		{
			"name": "woodensword_17",
			"from": [8.125, 3.5, 8.15],
			"to": [8.25, 5.5, 8.475],
			"faces": {
				"north": {"uv": [8.25, 10.5, 8.125, 12.5], "texture": "#0"},
				"east": {"uv": [7.875, 10.5, 8.25, 12.5], "texture": "#0"},
				"south": {"uv": [8.125, 10.5, 8.25, 12.5], "texture": "#0"},
				"west": {"uv": [8.125, 10.5, 8.25, 12.5], "texture": "#0"},
				"up": {"uv": [8.125, 10.5, 8.25, 10.625], "texture": "#0"},
				"down": {"uv": [8.125, 12.375, 8.25, 12.5], "texture": "#0"}
			}
		},
		{
			"name": "woodensword_18",
			"from": [7.75, 3.25, 8.05],
			"to": [8.375, 3.5, 8.575],
			"faces": {
				"north": {"uv": [8.375, 12.75, 7.75, 13], "texture": "#0"},
				"east": {"uv": [8.25, 12.75, 8.375, 13], "texture": "#0"},
				"south": {"uv": [7.75, 12.75, 8.375, 13], "texture": "#0"},
				"west": {"uv": [7.75, 12.75, 7.875, 13], "texture": "#0"},
				"up": {"uv": [7.75, 12.75, 8.375, 12.875], "texture": "#0"},
				"down": {"uv": [7.75, 12.875, 8.375, 13], "texture": "#0"}
			}
		},
		{
			"name": "woodensword_19",
			"from": [7.875, 3.125, 8.05],
			"to": [8.25, 3.25, 8.575],
			"faces": {
				"north": {"uv": [8.25, 13, 7.875, 13.125], "texture": "#0"},
				"east": {"uv": [8.125, 13, 8.25, 13.125], "texture": "#0"},
				"south": {"uv": [7.875, 13, 8.25, 13.125], "texture": "#0"},
				"west": {"uv": [7.875, 13, 8, 13.125], "texture": "#0"},
				"up": {"uv": [7.875, 13, 8.25, 13.125], "texture": "#0"},
				"down": {"uv": [7.875, 13, 8.25, 13.125], "texture": "#0"}
			}
		}
	],
	"gui_light": "front",
	"display": {
		"thirdperson_righthand": {
			"rotation": [0, 90, 0],
			"translation": [-0.25, 8.25, 1],
			"scale": [3, 3, 2.5]
		},
		"thirdperson_lefthand": {
			"rotation": [0, 90, 0],
			"translation": [-0.25, 8.5, 1],
			"scale": [3, 3, 2.5]
		},
		"firstperson_righthand": {
			"rotation": [6, 95, 0],
			"translation": [0, 8.5, 3.5],
			"scale": [2.3, 2.3, 2]
		},
		"firstperson_lefthand": {
			"rotation": [6, -80, 0],
			"translation": [1.5, 8.25, 2.75],
			"scale": [2.3, 2.3, 2]
		},
		"ground": {
			"rotation": [0, 0, -45],
			"translation": [0, 3.3956, 0],
			"scale": [2, 2, 2]
		},
		"gui": {
			"rotation": [0, 0, -45],
			"translation": [2, 2.25, 0],
			"scale": [3, 3, 1.6]
		},
		"head": {
			"rotation": [-180, 1, 45],
			"translation": [-2.75, -15, 4.75],
			"scale": [4, 4, 3]
		},
		"fixed": {
			"rotation": [0, 0, 45],
			"translation": [-2, 2.5, -1.75],
			"scale": [4, 4, 4]
		}
	},
	"groups": [
		{
			"name": "woodensword",
			"origin": [8, 8, 8],
			"color": 0,
			"children": [0, 1, 2, 3, 4, 5, 6, 7, 8, 9, 10, 11, 12, 13, 14, 15, 16, 17, 18, 19]
		}
	]
}