{
	"credit": "Made with Blockbench",
	"textures": {
		"0": "block/acacia_planks",
		"1": "block/acacia_fence",
		"particle": "block/acacia_planks"
	},
	"elements": [
		{
			"from": [7, 1, 0],
			"to": [9, 6, 1],
			"faces": {
				"north": {"uv": [4.5, 0.5, 6.5, 5.5], "texture": "#1"},
				"east": {"uv": [0.5, 0.5, 1.5, 5.5], "texture": "#1"},
				"south": {"uv": [4.5, 0.5, 6.5, 5.5], "texture": "#1"},
				"west": {"uv": [0.5, 0.5, 1.5, 5.5], "texture": "#1"},
				"up": {"uv": [0, 0, 2, 1], "texture": "#missing"},
				"down": {"uv": [0, 0, 2, 1], "texture": "#missing"}
			}
		},
		{
			"from": [7, 6, 0],
			"to": [9, 7, 8],
			"faces": {
				"north": {"uv": [6.5, 2, 8.5, 3], "texture": "#0"},
				"east": {"uv": [2, 1.5, 10, 2.5], "texture": "#0"},
				"south": {"uv": [4, 2, 6, 3], "texture": "#0"},
				"west": {"uv": [2, 1.5, 10, 2.5], "texture": "#0"},
				"up": {"uv": [3.5, 1, 5.5, 9], "texture": "#1"},
				"down": {"uv": [3.5, 1, 5.5, 9], "texture": "#1"}
			}
		},
		{
			"from": [6, 12, 0],
			"to": [10, 16, 6],
			"faces": {
				"north": {"uv": [2, 0, 6, 4], "texture": "#0"},
				"east": {"uv": [3, 0, 9, 4], "texture": "#0"},
				"south": {"uv": [2, 0, 6, 4], "texture": "#0"},
				"west": {"uv": [3, 0, 9, 4], "texture": "#0"},
				"up": {"uv": [5, 5.5, 9, 11.5], "texture": "#1"},
				"down": {"uv": [7.5, 6, 11.5, 12], "texture": "#1"}
			}
		},
		{
			"from": [6, 0, 0],
			"to": [10, 1, 6],
			"faces": {
				"north": {"uv": [4.5, 0, 8.5, 1], "texture": "#0"},
				"east": {"uv": [2.5, 0, 8.5, 1], "texture": "#0"},
				"south": {"uv": [4.5, 0, 8.5, 1], "texture": "#0"},
				"west": {"uv": [2.5, 0, 8.5, 1], "texture": "#0"},
				"up": {"uv": [5, 5.5, 9, 11.5], "texture": "#1"},
				"down": {"uv": [7.5, 2, 11.5, 8], "texture": "#1"}
			}
		}
	]
}