{
	"credit": "Made with Blockbench",
	"textures": {
		"1": "block/bamboo_fence",
		"particle": "block/bamboo_fence"
	},
	"elements": [
		{
			"from": [6, 0, 6],
			"to": [10, 12, 10],
			"faces": {
				"north": {"uv": [0, 4, 4, 16], "texture": "#1"},
				"east": {"uv": [0, 4, 4, 16], "texture": "#1"},
				"south": {"uv": [0, 4, 4, 16], "texture": "#1"},
				"west": {"uv": [0, 4, 4, 16], "texture": "#1"},
				"down": {"uv": [4, 0, 8, 4], "texture": "#1"}
			}
		},
		{
			"from": [6, 12, 6],
			"to": [10, 16, 10],
			"faces": {
				"north": {"uv": [0, 0, 4, 4], "texture": "#1"},
				"east": {"uv": [0, 0, 4, 4], "texture": "#1"},
				"south": {"uv": [0, 0, 4, 4], "texture": "#1"},
				"west": {"uv": [0, 0, 4, 4], "texture": "#1"},
				"up": {"uv": [4, 0, 8, 4], "texture": "#1"}
			}
		}
	]
}