{
	"credit": "Made with Blockbench",
	"textures": {
		"0": "block/bamboo_fence",
		"particle": "block/bamboo_fence"
	},
	"elements": [
		{
			"from": [0, 12, 6.5],
			"to": [6, 15, 9.5],
			"rotation": {"angle": 0, "axis": "y", "origin": [8, 0, 8]},
			"faces": {
				"north": {"uv": [8.5, 0, 14.5, 3], "texture": "#0"},
				"south": {"uv": [14.5, 0, 8.5, 3], "texture": "#0"},
				"west": {"uv": [0, 0, 3, 3], "texture": "#0"},
				"up": {"uv": [0, 6.5, 3, 12.5], "rotation": 90, "texture": "#0"},
				"down": {"uv": [0, 6.5, 3, 12.5], "rotation": 90, "texture": "#0"}
			}
		},
		{
			"from": [3, 0, 7],
			"to": [5, 12, 9],
			"rotation": {"angle": 0, "axis": "y", "origin": [8, 0, 8]},
			"faces": {
				"north": {"uv": [0, 3.5, 2, 15.5], "texture": "#0"},
				"east": {"uv": [0, 3.5, 2, 15.5], "texture": "#0"},
				"south": {"uv": [0, 3.5, 2, 15.5], "texture": "#0"},
				"west": {"uv": [0, 3.5, 2, 15.5], "texture": "#0"},
				"down": {"uv": [0, 0, 2, 2], "rotation": 90, "texture": "#missing"}
			}
		},
		{
			"from": [0, 0, 7],
			"to": [1, 12, 9],
			"rotation": {"angle": 0, "axis": "y", "origin": [8, 0, 8]},
			"faces": {
				"north": {"uv": [0, 3.5, 1, 15.5], "texture": "#0"},
				"east": {"uv": [0, 3.5, 2, 15.5], "texture": "#0"},
				"south": {"uv": [0, 3.5, 1, 15.5], "texture": "#0"},
				"west": {"uv": [0, 3.5, 2, 15.5], "texture": "#0"},
				"down": {"uv": [0, 0, 2, 1], "rotation": 90, "texture": "#missing"}
			}
		}
	]
}