{
	"credit": "Made with Blockbench",
	"parent": "block/cube",
	"ambientocclusion": false,
	"textures": {
		"side": "block/crafting_table_side",
		"top": "block/crafting_table_top",
		"particle": "block/oak_planks",
		"bottom": "block/oak_planks",
		"front": "block/crafting_table_front"
	},
	"elements": [
		{
			"from": [0, 3, 0],
			"to": [1, 15, 1],
			"faces": {
				"north": {"uv": [15, 1, 16, 13], "texture": "#side"},
				"east": {"uv": [15, 1, 16, 13], "texture": "#side"},
				"south": {"uv": [15, 1, 16, 13], "texture": "#side"},
				"west": {"uv": [0, 1, 1, 13], "texture": "#side"}
			}
		},
		{
			"from": [0, 15, 0],
			"to": [16, 16, 16],
			"faces": {
				"north": {"uv": [0, 0, 16, 1], "texture": "#side"},
				"east": {"uv": [0, 0, 16, 1], "texture": "#side"},
				"south": {"uv": [0, 0, 16, 1], "texture": "#side"},
				"west": {"uv": [0, 0, 16, 1], "texture": "#side"},
				"up": {"uv": [0, 0, 16, 16], "texture": "#top"},
				"down": {"uv": [0, 0, 16, 16], "texture": "#bottom"}
			}
		},
		{
			"from": [0, 0, 0],
			"to": [16, 3, 16],
			"faces": {
				"north": {"uv": [0, 13, 16, 16], "texture": "#side"},
				"east": {"uv": [0, 13, 16, 16], "texture": "#side"},
				"south": {"uv": [0, 13, 16, 16], "texture": "#side"},
				"west": {"uv": [0, 13, 16, 16], "texture": "#side"},
				"up": {"uv": [0, 0, 16, 16], "texture": "#bottom"},
				"down": {"uv": [0, 0, 16, 16], "texture": "#bottom"}
			}
		},
		{
			"from": [0, 3, 15],
			"to": [1, 15, 16],
			"faces": {
				"north": {"uv": [15, 1, 16, 13], "texture": "#side"},
				"east": {"uv": [0, 1, 1, 13], "texture": "#side"},
				"south": {"uv": [0, 1, 1, 13], "texture": "#side"},
				"west": {"uv": [15, 1, 16, 13], "texture": "#side"}
			}
		},
		{
			"from": [1, 3, 1],
			"to": [15, 15, 15],
			"faces": {
				"north": {"uv": [1, 1, 15, 13], "texture": "#front"},
				"east": {"uv": [1, 1, 15, 13], "texture": "#front"},
				"south": {"uv": [1, 1, 15, 13], "texture": "#side"},
				"west": {"uv": [1, 1, 15, 13], "texture": "#side"}
			}
		},
		{
			"from": [15, 3, 15],
			"to": [16, 15, 16],
			"faces": {
				"north": {"uv": [15, 1, 16, 13], "texture": "#side"},
				"east": {"uv": [0, 1, 1, 13], "texture": "#side"},
				"south": {"uv": [15, 1, 16, 13], "texture": "#side"},
				"west": {"uv": [0, 1, 1, 13], "texture": "#side"}
			}
		},
		{
			"from": [15, 3, 0],
			"to": [16, 15, 1],
			"faces": {
				"north": {"uv": [0, 1, 1, 13], "texture": "#side"},
				"east": {"uv": [15, 1, 16, 13], "texture": "#side"},
				"south": {"uv": [0, 1, 1, 13], "texture": "#side"},
				"west": {"uv": [15, 1, 16, 13], "texture": "#side"}
			}
		},
		{
			"from": [6.5, 3, 15],
			"to": [9.5, 15, 16],
			"faces": {
				"east": {"uv": [15, 1, 16, 13], "texture": "#side"},
				"south": {"uv": [6.5, 1, 9.5, 13], "texture": "#side"},
				"west": {"uv": [0, 1, 1, 13], "texture": "#side"}
			}
		},
		{
			"from": [6.5, 3, 0],
			"to": [9.5, 15, 1],
			"faces": {
				"north": {"uv": [6.5, 1, 9.5, 13], "texture": "#side"},
				"east": {"uv": [0, 1, 1, 13], "texture": "#side"},
				"west": {"uv": [15, 1, 16, 13], "texture": "#side"}
			}
		},
		{
			"from": [0, 3, 6.5],
			"to": [1, 15, 9.5],
			"faces": {
				"north": {"uv": [15, 1, 16, 13], "texture": "#side"},
				"south": {"uv": [15, 1, 16, 13], "texture": "#side"},
				"west": {"uv": [6.5, 1, 9.5, 13], "texture": "#side"}
			}
		},
		{
			"from": [15, 3, 6.5],
			"to": [16, 15, 9.5],
			"faces": {
				"north": {"uv": [0, 1, 1, 13], "texture": "#side"},
				"east": {"uv": [6.5, 1, 9.5, 13], "texture": "#side"},
				"south": {"uv": [0, 1, 1, 13], "texture": "#side"}
			}
		},
		{
			"from": [0, 11.5, 10.5],
			"to": [1, 13, 13.5],
			"faces": {
				"north": {"uv": [11.25, 3, 12.25, 4.5], "texture": "#side"},
				"south": {"uv": [11.5, 3, 12.5, 4.5], "texture": "#side"},
				"west": {"uv": [10.5, 3, 13.5, 4.5], "texture": "#side"},
				"up": {"uv": [11.75, 3.5, 13.5, 4.5], "texture": "#side"},
				"down": {"uv": [10.75, 3.25, 13, 4], "texture": "#side"}
			}
		},
		{
			"from": [0, 6.5, 11.5],
			"to": [1, 11.5, 12.5],
			"faces": {
				"north": {"uv": [11.5, 4.5, 12.5, 9], "texture": "#side"},
				"south": {"uv": [11.5, 4.5, 12.5, 9.5], "texture": "#side"},
				"west": {"uv": [11.5, 4.5, 12.5, 9.5], "texture": "#side"},
				"down": {"uv": [11.75, 7.75, 12.5, 8.5], "texture": "#side"}
			}
		},
		{
			"from": [0.5, 4.5, 4],
			"to": [1, 12, 4.5],
			"faces": {
				"north": {"uv": [4, 4, 4.5, 11.5], "texture": "#side"},
				"south": {"uv": [4, 4, 4.5, 11.5], "texture": "#side"},
				"west": {"uv": [4, 4, 4.5, 11.5], "texture": "#side"},
				"up": {"uv": [3.5, 4, 4, 4.5], "texture": "#side"},
				"down": {"uv": [3.25, 4.5, 3.75, 5], "texture": "#side"}
			}
		},
		{
			"from": [0.5, 6, 3.5],
			"to": [1, 12, 4],
			"faces": {
				"north": {"uv": [3.5, 4, 4, 10], "texture": "#side"},
				"west": {"uv": [3.5, 4, 4, 10], "texture": "#side"},
				"up": {"uv": [3, 4, 3.5, 4.5], "texture": "#side"},
				"down": {"uv": [3, 4, 3.5, 4.5], "texture": "#side"}
			}
		},
		{
			"from": [0.5, 7.5, 3],
			"to": [1, 12, 3.5],
			"faces": {
				"north": {"uv": [3.5, 4.75, 4, 9.25], "texture": "#side"},
				"west": {"uv": [3, 4, 3.5, 8.5], "texture": "#side"},
				"up": {"uv": [3, 4.75, 3.5, 5.25], "texture": "#side"},
				"down": {"uv": [3.25, 5.5, 3.75, 6], "texture": "#side"}
			}
		},
		{
			"from": [0.5, 9, 2.5],
			"to": [1, 12, 3],
			"faces": {
				"north": {"uv": [3.25, 4.75, 3.75, 7.75], "texture": "#side"},
				"west": {"uv": [2.5, 4, 3, 7], "texture": "#side"},
				"up": {"uv": [2.75, 4.5, 3.25, 5], "texture": "#side"},
				"down": {"uv": [3, 4.5, 3.5, 5], "texture": "#side"}
			}
		},
		{
			"from": [0.5, 10.5, 2],
			"to": [1, 12, 2.5],
			"faces": {
				"north": {"uv": [2.75, 5.25, 3.25, 6.75], "texture": "#side"},
				"west": {"uv": [2, 4, 2.5, 5.5], "texture": "#side"},
				"up": {"uv": [2.5, 4, 3, 4.5], "texture": "#side"},
				"down": {"uv": [3.25, 4.5, 3.75, 5], "texture": "#side"}
			}
		},
		{
			"from": [0.5, 11.5, 1.5],
			"to": [1, 12, 2],
			"faces": {
				"north": {"uv": [1.75, 4, 2.25, 4.5], "texture": "#side"},
				"west": {"uv": [1.5, 4, 2, 4.5], "texture": "#side"},
				"up": {"uv": [2, 4, 2.5, 4.5], "texture": "#side"},
				"down": {"uv": [0.5, 14, 1, 14.5], "texture": "#side"}
			}
		},
		{
			"from": [4, 4.5, 15],
			"to": [4.5, 12, 15.5],
			"faces": {
				"north": {"uv": [4, 4, 4.5, 11.5], "texture": "#side"},
				"east": {"uv": [4, 4, 4.5, 11.5], "texture": "#side"},
				"south": {"uv": [4, 4, 4.5, 11.5], "texture": "#side"},
				"west": {"uv": [4, 4, 4.5, 11.5], "texture": "#side"},
				"up": {"uv": [3.5, 4, 4, 4.5], "texture": "#side"},
				"down": {"uv": [3.25, 4.5, 3.75, 5], "texture": "#side"}
			}
		},
		{
			"from": [3.5, 6, 15],
			"to": [4, 12, 15.5],
			"faces": {
				"north": {"uv": [3.5, 4, 4, 10], "texture": "#side"},
				"south": {"uv": [3.5, 4, 4, 10], "texture": "#side"},
				"west": {"uv": [3.5, 4, 4, 10], "texture": "#side"},
				"up": {"uv": [3, 4, 3.5, 4.5], "texture": "#side"},
				"down": {"uv": [3, 4, 3.5, 4.5], "texture": "#side"}
			}
		},
		{
			"from": [3, 7.5, 15],
			"to": [3.5, 12, 15.5],
			"faces": {
				"north": {"uv": [3.5, 4.75, 4, 9.25], "texture": "#side"},
				"south": {"uv": [3, 4, 3.5, 8.5], "texture": "#side"},
				"west": {"uv": [3, 4, 3.5, 8.5], "texture": "#side"},
				"up": {"uv": [3, 4.75, 3.5, 5.25], "texture": "#side"},
				"down": {"uv": [3.25, 5.5, 3.75, 6], "texture": "#side"}
			}
		},
		{
			"from": [2.5, 9, 15],
			"to": [3, 12, 15.5],
			"faces": {
				"north": {"uv": [3.25, 4.75, 3.75, 7.75], "texture": "#side"},
				"south": {"uv": [2.5, 4, 3, 7], "texture": "#side"},
				"west": {"uv": [2.5, 4, 3, 7], "texture": "#side"},
				"up": {"uv": [2.75, 4.5, 3.25, 5], "texture": "#side"},
				"down": {"uv": [3, 4.5, 3.5, 5], "texture": "#side"}
			}
		},
		{
			"from": [2, 10.5, 15],
			"to": [2.5, 12, 15.5],
			"faces": {
				"north": {"uv": [2.75, 5.25, 3.25, 6.75], "texture": "#side"},
				"south": {"uv": [2, 4, 2.5, 5.5], "texture": "#side"},
				"west": {"uv": [3, 4.75, 3.5, 6.25], "texture": "#side"},
				"up": {"uv": [2.5, 4, 3, 4.5], "texture": "#side"},
				"down": {"uv": [3.25, 4.5, 3.75, 5], "texture": "#side"}
			}
		},
		{
			"from": [1.5, 11.5, 15],
			"to": [2, 12, 15.5],
			"faces": {
				"north": {"uv": [1.75, 4, 2.25, 4.5], "texture": "#side"},
				"south": {"uv": [1.5, 4, 2, 4.5], "texture": "#side"},
				"west": {"uv": [3.75, 4, 4.25, 4.5], "texture": "#side"},
				"up": {"uv": [2, 4, 2.5, 4.5], "texture": "#side"},
				"down": {"uv": [3.5, 6.25, 4, 6.75], "texture": "#side"}
			}
		},
		{
			"from": [0.5, 12, 1.5],
			"to": [1, 12.5, 4.5],
			"faces": {
				"north": {"uv": [1.5, 3.5, 2, 4], "texture": "#side"},
				"south": {"uv": [1.5, 3.5, 2, 4], "texture": "#side"},
				"west": {"uv": [1.5, 3.5, 4.5, 4], "texture": "#side"},
				"up": {"uv": [1.5, 2.5, 2, 4], "texture": "#side"}
			}
		},
		{
			"from": [0.5, 12.5, 1.5],
			"to": [1, 13.5, 2],
			"faces": {
				"north": {"uv": [1.5, 2.5, 2, 3.5], "texture": "#side"},
				"south": {"uv": [1.5, 2.5, 2, 3.5], "texture": "#side"},
				"west": {"uv": [1.5, 2.5, 2, 3.5], "texture": "#side"},
				"up": {"uv": [1.5, 2.5, 2, 3], "texture": "#side"}
			}
		},
		{
			"from": [0.5, 12.5, 4],
			"to": [1, 13.5, 4.5],
			"faces": {
				"north": {"uv": [1.5, 2.5, 2, 3.5], "texture": "#side"},
				"south": {"uv": [1.5, 2.5, 2, 3.5], "texture": "#side"},
				"west": {"uv": [4, 2.5, 4.5, 3.5], "texture": "#side"},
				"up": {"uv": [1.5, 2.5, 2, 3], "texture": "#side"}
			}
		},
		{
			"from": [0.5, 13.5, 2],
			"to": [1, 14, 2.5],
			"faces": {
				"north": {"uv": [2, 2, 2.5, 2.5], "texture": "#side"},
				"south": {"uv": [1.5, 2.5, 2, 3], "texture": "#side"},
				"west": {"uv": [2, 2, 2.5, 2.5], "texture": "#side"},
				"up": {"uv": [2, 2, 2.5, 2.5], "texture": "#side"},
				"down": {"uv": [2, 2, 2.5, 2.5], "texture": "#side"}
			}
		},
		{
			"from": [0.5, 13.5, 3.5],
			"to": [1, 14, 4],
			"faces": {
				"north": {"uv": [2, 2, 2.5, 2.5], "texture": "#side"},
				"south": {"uv": [2, 2, 2.5, 2.5], "texture": "#side"},
				"west": {"uv": [3.5, 2, 4, 2.5], "texture": "#side"},
				"up": {"uv": [2, 2, 2.5, 2.5], "texture": "#side"},
				"down": {"uv": [2, 2, 2.5, 2.5], "texture": "#side"}
			}
		},
		{
			"from": [0.5, 14, 2.5],
			"to": [1, 14.5, 3.5],
			"faces": {
				"north": {"uv": [2, 2, 2.5, 2.5], "texture": "#side"},
				"south": {"uv": [2, 2, 2.5, 2.5], "texture": "#side"},
				"west": {"uv": [2.5, 1.5, 3.5, 2], "texture": "#side"},
				"up": {"uv": [1.5, 2.5, 2, 3.5], "texture": "#side"},
				"down": {"uv": [1.5, 2.5, 2, 3.5], "texture": "#side"}
			}
		},
		{
			"from": [1.5, 12, 15],
			"to": [4.5, 12.5, 15.5],
			"faces": {
				"east": {"uv": [4, 3.5, 4.5, 4], "texture": "#side"},
				"south": {"uv": [1.5, 3.5, 4.5, 4], "texture": "#side"},
				"up": {"uv": [1.5, 3.5, 4.5, 4], "texture": "#side"}
			}
		},
		{
			"from": [1.5, 12.5, 15],
			"to": [2, 13.5, 15.5],
			"faces": {
				"east": {"uv": [1.5, 2.5, 2, 3.5], "texture": "#side"},
				"south": {"uv": [1.5, 2.5, 2, 3.5], "texture": "#side"},
				"west": {"uv": [1.5, 2.5, 2, 3.5], "texture": "#side"},
				"up": {"uv": [1.5, 2.5, 2, 3], "texture": "#side"}
			}
		},
		{
			"from": [4, 12.5, 15],
			"to": [4.5, 13.5, 15.5],
			"faces": {
				"east": {"uv": [4, 2.5, 4.5, 3.5], "texture": "#side"},
				"south": {"uv": [4, 2.5, 4.5, 3.5], "texture": "#side"},
				"west": {"uv": [4, 2.5, 4.5, 3.5], "texture": "#side"},
				"up": {"uv": [4, 3, 4.5, 3.5], "texture": "#side"}
			}
		},
		{
			"from": [2, 13.5, 15],
			"to": [2.5, 14, 15.5],
			"faces": {
				"east": {"uv": [2, 2, 2.5, 2.5], "texture": "#side"},
				"south": {"uv": [2, 2, 2.5, 2.5], "texture": "#side"},
				"west": {"uv": [2, 2, 2.5, 2.5], "texture": "#side"},
				"up": {"uv": [2, 2, 2.5, 2.5], "texture": "#side"},
				"down": {"uv": [2, 2, 2.5, 2.5], "texture": "#side"}
			}
		},
		{
			"from": [3.5, 13.5, 15],
			"to": [4, 14, 15.5],
			"faces": {
				"east": {"uv": [2, 2, 2.5, 2.5], "texture": "#side"},
				"south": {"uv": [3.5, 2, 4, 2.5], "texture": "#side"},
				"west": {"uv": [2, 2, 2.5, 2.5], "texture": "#side"},
				"up": {"uv": [2, 2, 2.5, 2.5], "texture": "#side"},
				"down": {"uv": [2, 2, 2.5, 2.5], "texture": "#side"}
			}
		},
		{
			"from": [2.5, 14, 15],
			"to": [3.5, 14.5, 15.5],
			"faces": {
				"east": {"uv": [2.5, 1.5, 3, 2], "texture": "#side"},
				"south": {"uv": [2.5, 1.5, 3.5, 2], "texture": "#side"},
				"west": {"uv": [1.5, 2.5, 2, 3], "texture": "#side"},
				"up": {"uv": [2.5, 1.5, 3.5, 2], "texture": "#side"},
				"down": {"uv": [2.5, 1.5, 3.5, 2], "texture": "#side"}
			}
		},
		{
			"from": [10.5, 11.5, 15],
			"to": [13.5, 13, 16],
			"faces": {
				"east": {"uv": [11.75, 3, 12.75, 4.5], "texture": "#side"},
				"south": {"uv": [10.5, 3, 13.5, 4.5], "texture": "#side"},
				"west": {"uv": [11, 3, 12, 4.5], "texture": "#side"},
				"up": {"uv": [10.5, 3, 13.5, 4], "texture": "#side"},
				"down": {"uv": [10.5, 3.25, 13.5, 4.25], "texture": "#side"}
			}
		},
		{
			"from": [11.5, 6.5, 15],
			"to": [12.5, 11.5, 16],
			"faces": {
				"east": {"uv": [11.5, 4.5, 12.5, 9.5], "texture": "#side"},
				"south": {"uv": [11.5, 4.5, 12.5, 9.5], "texture": "#side"},
				"west": {"uv": [11.5, 4.5, 12.5, 9.5], "texture": "#side"},
				"down": {"uv": [11.5, 7.5, 12.5, 8.5], "texture": "#side"}
			}
		},
		{
			"from": [4, 16, 3.5],
			"to": [12, 16.5, 12.5],
			"faces": {
				"north": {"uv": [4, 3.5, 12, 4], "texture": "#top"},
				"east": {"uv": [3, 3.5, 12.5, 4], "texture": "#top"},
				"south": {"uv": [4, 3.5, 12, 4], "texture": "#top"},
				"west": {"uv": [3.5, 3.5, 12.5, 4], "texture": "#top"},
				"up": {"uv": [4, 3.5, 12, 12.5], "texture": "#top"}
			}
		},
		{
			"from": [3.5, 16, 4],
			"to": [12.5, 16.5, 12],
			"faces": {
				"north": {"uv": [3.5, 3.5, 12.5, 4], "texture": "#top"},
				"east": {"uv": [4, 12, 12, 12.5], "texture": "#top"},
				"south": {"uv": [3.5, 12, 12.5, 12.5], "texture": "#top"},
				"west": {"uv": [4, 3.5, 12, 4], "texture": "#top"},
				"up": {"uv": [3.5, 4, 12.5, 12], "texture": "#top"}
			}
		}
	]
}