{
	"credit": "Made with Blockbench",
	"parent": "block/cross",
	"textures": {
		"1": "block/crimson_fungus_extra",
		"particle": "block/crimson_fungus_extra"
	},
	"elements": [
		{
			"from": [10, 1.5, 3],
			"to": [13, 4.5, 6],
			"rotation": {"angle": -22.5, "axis": "x", "origin": [4.5, -0.5, 0]},
			"faces": {
				"north": {"uv": [8, 0, 11, 3], "texture": "#1"},
				"east": {"uv": [8, 0, 11, 3], "texture": "#1"},
				"south": {"uv": [8, 0, 11, 3], "texture": "#1"},
				"west": {"uv": [8, 0, 11, 3], "texture": "#1"},
				"down": {"uv": [8, 10, 11, 13], "texture": "#1"}
			}
		},
		{
			"from": [8.25, 4, 1.2],
			"to": [14.25, 6, 7.2],
			"rotation": {"angle": -22.5, "axis": "x", "origin": [4.5, -0.5, 0]},
			"faces": {
				"north": {"uv": [1, 7, 7, 9], "texture": "#1"},
				"east": {"uv": [1, 0, 7, 2], "texture": "#1"},
				"south": {"uv": [1.5, 3, 7.5, 5], "texture": "#1"},
				"west": {"uv": [0, 5.5, 6, 7.5], "texture": "#1"},
				"up": {"uv": [1, 1, 7, 7], "texture": "#1"},
				"down": {"uv": [1, 9, 7, 15], "texture": "#1"}
			}
		},
		{
			"from": [10.5, -6.7, 4],
			"to": [12.5, 0.3, 6],
			"rotation": {"angle": -45, "axis": "x", "origin": [4.5, -0.5, 0]},
			"faces": {
				"north": {"uv": [8.5, 3, 10.5, 10], "texture": "#1"},
				"east": {"uv": [8.5, 3, 10.5, 10], "texture": "#1"},
				"south": {"uv": [8.5, 3, 10.5, 10], "texture": "#1"},
				"west": {"uv": [8.5, 3, 10.5, 10], "texture": "#1"},
				"up": {"uv": [0, 0, 2, 2], "texture": "#missing"},
				"down": {"uv": [8.5, 4.5, 10.5, 6.5], "texture": "#1"}
			}
		},
		{
			"from": [5, 2.5, 12],
			"to": [9, 4.5, 16],
			"rotation": {"angle": 0, "axis": "y", "origin": [0, 0, 3]},
			"faces": {
				"north": {"uv": [1, 5.5, 5, 7.5], "texture": "#1"},
				"east": {"uv": [0, 0, 4, 2], "texture": "#1"},
				"south": {"uv": [4, 5.5, 8, 7.5], "texture": "#1"},
				"west": {"uv": [0, 2, 4, 4], "texture": "#1"},
				"up": {"uv": [3, 3, 7, 7], "texture": "#1"},
				"down": {"uv": [2, 10, 6, 14], "texture": "#1"}
			}
		},
		{
			"from": [6, 0, 13],
			"to": [8, 2.5, 15],
			"rotation": {"angle": 0, "axis": "y", "origin": [0, 0, 3]},
			"faces": {
				"north": {"uv": [8.5, 3, 10.5, 5.5], "texture": "#1"},
				"east": {"uv": [8.5, 3, 10.5, 5.5], "texture": "#1"},
				"south": {"uv": [8.5, 3, 10.5, 5.5], "texture": "#1"},
				"west": {"uv": [8.5, 3, 10.5, 5.5], "texture": "#1"},
				"down": {"uv": [8.5, 4.5, 10.5, 6.5], "texture": "#missing"}
			}
		},
		{
			"from": [2.5, 2, 1.5],
			"to": [7.5, 4, 6.5],
			"rotation": {"angle": -22.5, "axis": "y", "origin": [0, 0, 3]},
			"faces": {
				"north": {"uv": [3, 3.5, 8, 5.5], "texture": "#1"},
				"east": {"uv": [1.5, 13, 6.5, 15], "texture": "#1"},
				"south": {"uv": [1.5, 13, 6.5, 15], "texture": "#1"},
				"west": {"uv": [1.5, 13, 6.5, 15], "texture": "#1"},
				"up": {"uv": [0.5, 1, 5.5, 6], "texture": "#1"},
				"down": {"uv": [1.5, 9.5, 6.5, 14.5], "texture": "#1"}
			}
		},
		{
			"from": [4, 0, 3],
			"to": [6, 2, 5],
			"rotation": {"angle": -22.5, "axis": "y", "origin": [0, 0, 3]},
			"faces": {
				"north": {"uv": [8.5, 4.5, 10.5, 6.5], "texture": "#1"},
				"east": {"uv": [8.5, 4.5, 10.5, 6.5], "texture": "#1"},
				"south": {"uv": [8.5, 4.5, 10.5, 6.5], "texture": "#1"},
				"west": {"uv": [8.5, 4.5, 10.5, 6.5], "texture": "#1"},
				"down": {"uv": [8.5, 4.5, 10.5, 6.5], "texture": "#missing"}
			}
		}
	]
}