{
	"credit": "Made with Blockbench",
	"ambientocclusion": false,
	"textures": {
		"particle": "block/iron_trapdoor",
		"texture": "block/iron_trapdoor"
	},
	"elements": [
		{
			"from": [0, 0, 13],
			"to": [3, 3, 16],
			"faces": {
				"north": {"uv": [13, 13, 16, 16], "texture": "#texture"},
				"east": {"uv": [0, 13, 3, 16], "texture": "#texture"},
				"south": {"uv": [0, 13, 3, 16], "texture": "#texture"},
				"west": {"uv": [13, 13, 16, 16], "texture": "#texture"},
				"up": {"uv": [0, 13, 3, 16], "texture": "#texture"},
				"down": {"uv": [0, 0, 3, 3], "texture": "#texture"}
			}
		},
		{
			"from": [13, 0, 13],
			"to": [16, 3, 16],
			"faces": {
				"north": {"uv": [0, 13, 3, 16], "texture": "#texture"},
				"east": {"uv": [0, 13, 3, 16], "texture": "#texture"},
				"south": {"uv": [13, 13, 16, 16], "texture": "#texture"},
				"west": {"uv": [13, 13, 16, 16], "texture": "#texture"},
				"up": {"uv": [13, 13, 16, 16], "texture": "#texture"},
				"down": {"uv": [13, 0, 16, 3], "texture": "#texture"}
			}
		},
		{
			"from": [0, 13, 13],
			"to": [3, 16, 16],
			"faces": {
				"north": {"uv": [13, 0, 16, 3], "texture": "#texture"},
				"east": {"uv": [0, 0, 3, 3], "texture": "#texture"},
				"south": {"uv": [0, 0, 3, 3], "texture": "#texture"},
				"west": {"uv": [13, 0, 16, 3], "texture": "#texture"},
				"up": {"uv": [0, 13, 3, 16], "texture": "#texture"},
				"down": {"uv": [0, 0, 3, 3], "texture": "#texture"}
			}
		},
		{
			"from": [13, 13, 13],
			"to": [16, 16, 16],
			"faces": {
				"north": {"uv": [0, 0, 3, 3], "texture": "#texture"},
				"east": {"uv": [0, 0, 3, 3], "texture": "#texture"},
				"south": {"uv": [13, 0, 16, 3], "texture": "#texture"},
				"west": {"uv": [13, 0, 16, 3], "texture": "#texture"},
				"up": {"uv": [13, 13, 16, 16], "texture": "#texture"},
				"down": {"uv": [13, 0, 16, 3], "texture": "#texture"}
			}
		},
		{
			"from": [13, 3, 13.5],
			"to": [16, 13, 15.5],
			"faces": {
				"north": {"uv": [0, 3, 3, 13], "texture": "#texture"},
				"east": {"uv": [0.5, 3, 2.5, 13], "texture": "#texture"},
				"south": {"uv": [13, 3, 16, 13], "texture": "#texture"},
				"west": {"uv": [13.5, 3, 15.5, 13], "texture": "#texture"}
			}
		},
		{
			"from": [0, 3, 13.5],
			"to": [3, 13, 15.5],
			"faces": {
				"north": {"uv": [13, 3, 16, 13], "texture": "#texture"},
				"east": {"uv": [0.5, 3, 2.5, 13], "texture": "#texture"},
				"south": {"uv": [0, 3, 3, 13], "texture": "#texture"},
				"west": {"uv": [13.5, 3, 15.5, 13], "texture": "#texture"}
			}
		},
		{
			"from": [3, 13, 13.5],
			"to": [13, 16, 15.5],
			"faces": {
				"north": {"uv": [3, 0, 13, 3], "texture": "#texture"},
				"south": {"uv": [3, 0, 13, 3], "texture": "#texture"},
				"west": {"uv": [13.5, 0, 15.5, 3], "texture": "#texture"},
				"up": {"uv": [3, 13.5, 13, 15.5], "texture": "#texture"},
				"down": {"uv": [3, 0.5, 13, 2.5], "texture": "#texture"}
			}
		},
		{
			"from": [7.5, 3, 14],
			"to": [8.5, 13, 15],
			"faces": {
				"north": {"uv": [7.5, 3, 8.5, 13], "texture": "#texture"},
				"east": {"uv": [1, 3, 2, 13], "texture": "#texture"},
				"south": {"uv": [7.5, 3, 8.5, 13], "texture": "#texture"},
				"west": {"uv": [14, 3, 15, 13], "texture": "#texture"}
			}
		},
		{
			"from": [10.5, 3, 14],
			"to": [11.5, 13, 15],
			"faces": {
				"north": {"uv": [4.5, 3, 5.5, 13], "texture": "#texture"},
				"east": {"uv": [1, 3, 2, 13], "texture": "#texture"},
				"south": {"uv": [10.5, 3, 11.5, 13], "texture": "#texture"},
				"west": {"uv": [14, 3, 15, 13], "texture": "#texture"}
			}
		},
		{
			"from": [4.5, 3, 14],
			"to": [5.5, 13, 15],
			"faces": {
				"north": {"uv": [10.5, 3, 11.5, 13], "texture": "#texture"},
				"east": {"uv": [1, 3, 2, 13], "texture": "#texture"},
				"south": {"uv": [4.5, 3, 5.5, 13], "texture": "#texture"},
				"west": {"uv": [14, 3, 15, 13], "texture": "#texture"}
			}
		},
		{
			"from": [3, 0, 13.5],
			"to": [13, 3, 15.5],
			"faces": {
				"north": {"uv": [3, 13, 13, 16], "texture": "#texture"},
				"south": {"uv": [3, 13, 13, 16], "texture": "#texture"},
				"west": {"uv": [13.5, 13, 15.5, 16], "texture": "#texture"},
				"up": {"uv": [3, 13.5, 13, 15.5], "texture": "#texture"},
				"down": {"uv": [3, 0.5, 13, 2.5], "texture": "#texture"}
			}
		},
		{
			"from": [3, 10.5, 14],
			"to": [13, 11.5, 15],
			"faces": {
				"north": {"uv": [3, 4.5, 13, 5.5], "texture": "#texture"},
				"south": {"uv": [3, 4.5, 13, 5.5], "texture": "#texture"},
				"up": {"uv": [3, 14, 13, 15], "texture": "#texture"},
				"down": {"uv": [3, 1, 13, 2], "texture": "#texture"}
			}
		},
		{
			"from": [3, 4.5, 14],
			"to": [13, 5.5, 15],
			"faces": {
				"north": {"uv": [3, 10.5, 13, 11.5], "texture": "#texture"},
				"south": {"uv": [3, 10.5, 13, 11.5], "texture": "#texture"},
				"up": {"uv": [3, 14, 13, 15], "texture": "#texture"},
				"down": {"uv": [3, 1, 13, 2], "texture": "#texture"}
			}
		},
		{
			"from": [3, 7.5, 14],
			"to": [13, 8.5, 15],
			"faces": {
				"north": {"uv": [3, 7.5, 13, 8.5], "texture": "#texture"},
				"south": {"uv": [3, 7.5, 13, 8.5], "texture": "#texture"},
				"up": {"uv": [3, 14, 13, 15], "texture": "#texture"},
				"down": {"uv": [3, 1, 13, 2], "texture": "#texture"}
			}
		}
	]
}