{
	"credit": "Made with Blockbench",
	"ambientocclusion": false,
	"textures": {
		"particle": "block/iron_bars",
		"bars": "block/iron_bars"
	},
	"elements": [
		{
			"from": [7, 0, 7],
			"to": [9, 16, 9],
			"faces": {
				"north": {"uv": [7, 0, 9, 16], "texture": "#bars"},
				"east": {"uv": [7, 0, 9, 16], "texture": "#bars"},
				"south": {"uv": [7, 0, 9, 16], "texture": "#bars"},
				"west": {"uv": [7, 0, 9, 16], "texture": "#bars"},
				"up": {"uv": [12, 9, 14, 11], "texture": "#bars"},
				"down": {"uv": [12, 11, 14, 13], "texture": "#bars"}
			}
		}
	],
	"groups": [
		{
			"name": "iron_bars_post",
			"origin": [8, 8, 8],
			"children": [0]
		}
	]
}