{
	"credit": "Made with Blockbench",
	"textures": {
		"0": "block/item_frame",
		"1": "block/item_frame_back",
		"particle": "block/item_frame"
	},
	"elements": [
		{
			"from": [3, 3, 15.475],
			"to": [13, 13, 16],
			"rotation": {"angle": 0, "axis": "y", "origin": [8, 8, 8.5]},
			"faces": {
				"north": {"uv": [3, 3, 13, 13], "texture": "#0"},
				"south": {"uv": [3, 3, 13, 13], "texture": "#1", "cullface": "south"}
			}
		},
		{
			"from": [3, 1.5, 15],
			"to": [13, 3, 16],
			"faces": {
				"north": {"uv": [3, 13, 13, 14.5], "texture": "#0"},
				"south": {"uv": [3, 13, 13, 14.5], "texture": "#1"},
				"up": {"uv": [3, 0.5, 13, 1.5], "texture": "#0"},
				"down": {"uv": [3, 0.5, 13, 1.5], "texture": "#0"}
			}
		},
		{
			"from": [3, 13, 15],
			"to": [13, 14.5, 16],
			"faces": {
				"north": {"uv": [3, 1.5, 13, 3], "texture": "#0"},
				"south": {"uv": [2.5, 1.5, 12.5, 3], "texture": "#1"},
				"up": {"uv": [3, 14.5, 13, 15.5], "texture": "#0"},
				"down": {"uv": [3, 14.5, 13, 15.5], "texture": "#0"}
			}
		},
		{
			"from": [1.5, 1.5, 15],
			"to": [3, 14.5, 16],
			"faces": {
				"north": {"uv": [13, 1.5, 14.5, 14.5], "texture": "#0"},
				"east": {"uv": [0.5, 1.5, 1.5, 14.5], "texture": "#0"},
				"south": {"uv": [1.5, 1.5, 3, 14.5], "texture": "#1"},
				"west": {"uv": [0.5, 1.5, 1.5, 14.5], "texture": "#0"},
				"up": {"uv": [1.5, 14.5, 3, 15.5], "texture": "#0"},
				"down": {"uv": [1.5, 0.5, 3, 1.5], "texture": "#0"}
			}
		},
		{
			"from": [13, 1.5, 15],
			"to": [14.5, 14.5, 16],
			"faces": {
				"north": {"uv": [1.5, 1.5, 3, 14.5], "texture": "#0"},
				"east": {"uv": [0.5, 1.5, 1.5, 14.5], "texture": "#0"},
				"south": {"uv": [13, 1.5, 14.5, 14.5], "texture": "#1"},
				"west": {"uv": [14.5, 1.5, 15.5, 14.5], "texture": "#0"},
				"up": {"uv": [13, 14.5, 14.5, 15.5], "texture": "#0"},
				"down": {"uv": [13, 0.5, 14.5, 1.5], "texture": "#0"}
			}
		}
	]
}