{
	"credit": "Made with Blockbench",
	"ambientocclusion": false,
	"textures": {
		"0": "block/flowers/poppy",
		"particle": "block/flowers/poppy"
	},
	"elements": [
		{
			"from": [3.4, 8.6, 6.5],
			"to": [4.4, 8.9, 7.5],
			"rotation": {"angle": 0, "axis": "y", "origin": [3, 0, 7]},
			"faces": {
				"north": {"uv": [7, 15, 8, 15.5], "texture": "#0"},
				"east": {"uv": [8, 15, 7, 15.5], "texture": "#0"},
				"south": {"uv": [7, 15, 8, 15.5], "texture": "#0"},
				"west": {"uv": [8, 15, 7, 15.5], "texture": "#0"},
				"up": {"uv": [8, 15, 7, 16], "texture": "#0"},
				"down": {"uv": [8, 15, 7, 16], "texture": "#0"}
			}
		},
		{
			"from": [3.85, 0, 5.8],
			"to": [3.85, 8.5, 7.3],
			"rotation": {"angle": 0, "axis": "y", "origin": [2.75, 0, 7]},
			"faces": {
				"north": {"uv": [0, 0, 0, 10], "texture": "#missing"},
				"east": {"uv": [0, 7.5, 1.5, 16], "texture": "#0"},
				"south": {"uv": [0, 0, 0, 10], "texture": "#missing"},
				"west": {"uv": [1.5, 7.5, 0, 16], "texture": "#0"},
				"up": {"uv": [0, 0, 1.5, 0], "rotation": 90, "texture": "#missing"},
				"down": {"uv": [0, 0, 1.5, 0], "rotation": 270, "texture": "#missing"}
			}
		},
		{
			"from": [7.2, 7.4, 5.5],
			"to": [9.7, 7.4, 8.5],
			"rotation": {"angle": 22.5, "axis": "z", "origin": [3, -0.1, 7]},
			"faces": {
				"north": {"uv": [0, 0, 3, 0], "texture": "#missing"},
				"east": {"uv": [0, 0, 3, 0], "texture": "#missing"},
				"south": {"uv": [0, 0, 3, 0], "texture": "#missing"},
				"west": {"uv": [0, 0, 3, 0], "texture": "#missing"},
				"up": {"uv": [5.5, 0, 8.5, 2.5], "rotation": 90, "texture": "#0"},
				"down": {"uv": [5.5, 2.5, 8.5, 0], "rotation": 270, "texture": "#0"}
			}
		},
		{
			"from": [2.45, 7.8, 10.25],
			"to": [5.45, 7.8, 12.75],
			"rotation": {"angle": -22.5, "axis": "x", "origin": [3, -0.1, 7]},
			"faces": {
				"north": {"uv": [0, 0, 3, 0], "texture": "#missing"},
				"east": {"uv": [0, 0, 3, 0], "texture": "#missing"},
				"south": {"uv": [0, 0, 3, 0], "texture": "#missing"},
				"west": {"uv": [0, 0, 3, 0], "texture": "#missing"},
				"up": {"uv": [5.5, 0, 8.5, 2.5], "rotation": 180, "texture": "#0"},
				"down": {"uv": [5.5, 2.5, 8.5, 0], "rotation": 180, "texture": "#0"}
			}
		},
		{
			"from": [2.45, 7.8, 1.15],
			"to": [5.45, 7.8, 3.65],
			"rotation": {"angle": 22.5, "axis": "x", "origin": [3, -0.1, 7]},
			"faces": {
				"north": {"uv": [0, 0, 3, 0], "texture": "#missing"},
				"east": {"uv": [0, 0, 3, 0], "texture": "#missing"},
				"south": {"uv": [0, 0, 3, 0], "texture": "#missing"},
				"west": {"uv": [0, 0, 3, 0], "texture": "#missing"},
				"up": {"uv": [5.5, 0, 8.5, 2.5], "texture": "#0"},
				"down": {"uv": [5.5, 2.5, 8.5, 0], "texture": "#0"}
			}
		},
		{
			"from": [-1.95, 8.15, 5.5],
			"to": [0.55, 8.15, 8.5],
			"rotation": {"angle": -22.5, "axis": "z", "origin": [3, -0.1, 7]},
			"faces": {
				"north": {"uv": [0, 0, 3, 0], "texture": "#missing"},
				"east": {"uv": [0, 0, 3, 0], "texture": "#missing"},
				"south": {"uv": [0, 0, 3, 0], "texture": "#missing"},
				"west": {"uv": [0, 0, 3, 0], "texture": "#missing"},
				"up": {"uv": [5.5, 0, 8.5, 2.5], "rotation": 270, "texture": "#0"},
				"down": {"uv": [5.5, 2.5, 8.5, 0], "rotation": 90, "texture": "#0"}
			}
		},
		{
			"from": [1.95, 8.5, 5],
			"to": [5.95, 8.5, 9],
			"rotation": {"angle": 0, "axis": "y", "origin": [3, 0, 7]},
			"faces": {
				"north": {"uv": [0, 0, 6, 0], "texture": "#missing"},
				"east": {"uv": [0, 0, 6, 0], "texture": "#missing"},
				"south": {"uv": [0, 0, 6, 0], "texture": "#missing"},
				"west": {"uv": [0, 0, 6, 0], "texture": "#missing"},
				"up": {"uv": [16, 0, 12, 4], "rotation": 90, "texture": "#0"},
				"down": {"uv": [12, 0, 16, 4], "rotation": 270, "texture": "#0"}
			}
		},
		{
			"from": [4.05, 0.5, 3],
			"to": [4.05, 4.5, 7],
			"rotation": {"angle": 22.5, "axis": "z", "origin": [2.75, 0, 7]},
			"faces": {
				"north": {"uv": [0, 0, 3, 0], "rotation": 270, "texture": "#missing"},
				"east": {"uv": [12, 12, 16, 16], "texture": "#0"},
				"south": {"uv": [0, 0, 3, 0], "rotation": 90, "texture": "#missing"},
				"west": {"uv": [12, 16, 16, 12], "rotation": 180, "texture": "#0"},
				"up": {"uv": [0, 0, 6, 0], "rotation": 90, "texture": "#missing"},
				"down": {"uv": [0, 0, 6, 0], "rotation": 90, "texture": "#missing"}
			}
		},
		{
			"from": [7.15, 8.6, 10.5],
			"to": [8.15, 8.9, 11.5],
			"rotation": {"angle": 0, "axis": "y", "origin": [6.75, 0, 11]},
			"faces": {
				"north": {"uv": [7, 15, 8, 15.5], "texture": "#0"},
				"east": {"uv": [8, 15, 7, 15.5], "texture": "#0"},
				"south": {"uv": [7, 15, 8, 15.5], "texture": "#0"},
				"west": {"uv": [8, 15, 7, 15.5], "texture": "#0"},
				"up": {"uv": [8, 15, 7, 16], "texture": "#0"},
				"down": {"uv": [8, 15, 7, 16], "texture": "#0"}
			}
		},
		{
			"from": [6.5, 0, 11],
			"to": [8, 8.5, 11],
			"rotation": {"angle": 0, "axis": "y", "origin": [6.5, 0, 11]},
			"faces": {
				"north": {"uv": [0, 7.5, 1.5, 16], "texture": "#0"},
				"east": {"uv": [0, 0, 0, 10], "texture": "#missing"},
				"south": {"uv": [1.5, 7.5, 0, 16], "texture": "#0"},
				"west": {"uv": [0, 0, 0, 10], "texture": "#missing"},
				"up": {"uv": [0, 0, 1.5, 0], "texture": "#missing"},
				"down": {"uv": [0, 0, 1.5, 0], "texture": "#missing"}
			}
		},
		{
			"from": [10.95, 7.4, 9.5],
			"to": [13.45, 7.4, 12.5],
			"rotation": {"angle": 22.5, "axis": "z", "origin": [6.75, -0.1, 11]},
			"faces": {
				"north": {"uv": [0, 0, 3, 0], "texture": "#missing"},
				"east": {"uv": [0, 0, 3, 0], "texture": "#missing"},
				"south": {"uv": [0, 0, 3, 0], "texture": "#missing"},
				"west": {"uv": [0, 0, 3, 0], "texture": "#missing"},
				"up": {"uv": [5.5, 0, 8.5, 2.5], "rotation": 90, "texture": "#0"},
				"down": {"uv": [5.5, 2.5, 8.5, 0], "rotation": 270, "texture": "#0"}
			}
		},
		{
			"from": [6.2, 7.8, 14.25],
			"to": [9.2, 7.8, 16.75],
			"rotation": {"angle": -22.5, "axis": "x", "origin": [6.75, -0.1, 11]},
			"faces": {
				"north": {"uv": [0, 0, 3, 0], "texture": "#missing"},
				"east": {"uv": [0, 0, 3, 0], "texture": "#missing"},
				"south": {"uv": [0, 0, 3, 0], "texture": "#missing"},
				"west": {"uv": [0, 0, 3, 0], "texture": "#missing"},
				"up": {"uv": [5.5, 0, 8.5, 2.5], "rotation": 180, "texture": "#0"},
				"down": {"uv": [5.5, 2.5, 8.5, 0], "rotation": 180, "texture": "#0"}
			}
		},
		{
			"from": [6.2, 7.8, 5.15],
			"to": [9.2, 7.8, 7.65],
			"rotation": {"angle": 22.5, "axis": "x", "origin": [6.75, -0.1, 11]},
			"faces": {
				"north": {"uv": [0, 0, 3, 0], "texture": "#missing"},
				"east": {"uv": [0, 0, 3, 0], "texture": "#missing"},
				"south": {"uv": [0, 0, 3, 0], "texture": "#missing"},
				"west": {"uv": [0, 0, 3, 0], "texture": "#missing"},
				"up": {"uv": [5.5, 0, 8.5, 2.5], "texture": "#0"},
				"down": {"uv": [5.5, 2.5, 8.5, 0], "texture": "#0"}
			}
		},
		{
			"from": [1.8, 8.15, 9.5],
			"to": [4.3, 8.15, 12.5],
			"rotation": {"angle": -22.5, "axis": "z", "origin": [6.75, -0.1, 11]},
			"faces": {
				"north": {"uv": [0, 0, 3, 0], "texture": "#missing"},
				"east": {"uv": [0, 0, 3, 0], "texture": "#missing"},
				"south": {"uv": [0, 0, 3, 0], "texture": "#missing"},
				"west": {"uv": [0, 0, 3, 0], "texture": "#missing"},
				"up": {"uv": [5.5, 0, 8.5, 2.5], "rotation": 270, "texture": "#0"},
				"down": {"uv": [5.5, 2.5, 8.5, 0], "rotation": 90, "texture": "#0"}
			}
		},
		{
			"from": [5.7, 8.5, 9],
			"to": [9.7, 8.5, 13],
			"rotation": {"angle": 0, "axis": "y", "origin": [6.75, 0, 11]},
			"faces": {
				"north": {"uv": [0, 0, 6, 0], "texture": "#missing"},
				"east": {"uv": [0, 0, 6, 0], "texture": "#missing"},
				"south": {"uv": [0, 0, 6, 0], "texture": "#missing"},
				"west": {"uv": [0, 0, 6, 0], "texture": "#missing"},
				"up": {"uv": [16, 0, 12, 4], "rotation": 90, "texture": "#0"},
				"down": {"uv": [12, 0, 16, 4], "rotation": 270, "texture": "#0"}
			}
		},
		{
			"from": [7, 0.5, 6.5],
			"to": [11, 0.5, 10.5],
			"rotation": {"angle": 45, "axis": "x", "origin": [6.5, 0, 11]},
			"faces": {
				"north": {"uv": [0, 0, 6, 0], "texture": "#missing"},
				"east": {"uv": [0, 0, 3, 0], "texture": "#missing"},
				"south": {"uv": [0, 0, 6, 0], "texture": "#missing"},
				"west": {"uv": [0, 0, 3, 0], "texture": "#missing"},
				"up": {"uv": [12, 12, 16, 16], "texture": "#0"},
				"down": {"uv": [12, 16, 16, 12], "texture": "#0"}
			}
		},
		{
			"from": [8.4, 5.6, 2.5],
			"to": [9.4, 5.9, 3.5],
			"rotation": {"angle": 0, "axis": "y", "origin": [8, -3, 3]},
			"faces": {
				"north": {"uv": [7, 15, 8, 15.5], "texture": "#0"},
				"east": {"uv": [8, 15, 7, 15.5], "texture": "#0"},
				"south": {"uv": [7, 15, 8, 15.5], "texture": "#0"},
				"west": {"uv": [8, 15, 7, 15.5], "texture": "#0"},
				"up": {"uv": [8, 15, 7, 16], "texture": "#0"},
				"down": {"uv": [8, 15, 7, 16], "texture": "#0"}
			}
		},
		{
			"from": [7.75, 0, 3],
			"to": [9.25, 5.5, 3],
			"rotation": {"angle": 0, "axis": "y", "origin": [7.75, 0, 3]},
			"faces": {
				"north": {"uv": [0, 7.5, 1.5, 13], "texture": "#0"},
				"east": {"uv": [0, 0, 0, 10], "texture": "#missing"},
				"south": {"uv": [1.5, 7.5, 0, 13], "texture": "#0"},
				"west": {"uv": [0, 0, 0, 10], "texture": "#missing"},
				"up": {"uv": [0, 0, 1.5, 0], "texture": "#missing"},
				"down": {"uv": [0, 0, 1.5, 0], "texture": "#missing"}
			}
		},
		{
			"from": [12.2, 4.4, 1.5],
			"to": [14.7, 4.4, 4.5],
			"rotation": {"angle": 22.5, "axis": "z", "origin": [8, -3.1, 3]},
			"faces": {
				"north": {"uv": [0, 0, 3, 0], "texture": "#missing"},
				"east": {"uv": [0, 0, 3, 0], "texture": "#missing"},
				"south": {"uv": [0, 0, 3, 0], "texture": "#missing"},
				"west": {"uv": [0, 0, 3, 0], "texture": "#missing"},
				"up": {"uv": [5.5, 0, 8.5, 2.5], "rotation": 90, "texture": "#0"},
				"down": {"uv": [5.5, 2.5, 8.5, 0], "rotation": 270, "texture": "#0"}
			}
		},
		{
			"from": [7.45, 4.8, 6.25],
			"to": [10.45, 4.8, 8.75],
			"rotation": {"angle": -22.5, "axis": "x", "origin": [8, -3.1, 3]},
			"faces": {
				"north": {"uv": [0, 0, 3, 0], "texture": "#missing"},
				"east": {"uv": [0, 0, 3, 0], "texture": "#missing"},
				"south": {"uv": [0, 0, 3, 0], "texture": "#missing"},
				"west": {"uv": [0, 0, 3, 0], "texture": "#missing"},
				"up": {"uv": [5.5, 0, 8.5, 2.5], "rotation": 180, "texture": "#0"},
				"down": {"uv": [5.5, 2.5, 8.5, 0], "rotation": 180, "texture": "#0"}
			}
		},
		{
			"from": [7.45, 4.8, -2.85],
			"to": [10.45, 4.8, -0.35],
			"rotation": {"angle": 22.5, "axis": "x", "origin": [8, -3.1, 3]},
			"faces": {
				"north": {"uv": [0, 0, 3, 0], "texture": "#missing"},
				"east": {"uv": [0, 0, 3, 0], "texture": "#missing"},
				"south": {"uv": [0, 0, 3, 0], "texture": "#missing"},
				"west": {"uv": [0, 0, 3, 0], "texture": "#missing"},
				"up": {"uv": [5.5, 0, 8.5, 2.5], "texture": "#0"},
				"down": {"uv": [5.5, 2.5, 8.5, 0], "texture": "#0"}
			}
		},
		{
			"from": [3.05, 5.15, 1.5],
			"to": [5.55, 5.15, 4.5],
			"rotation": {"angle": -22.5, "axis": "z", "origin": [8, -3.1, 3]},
			"faces": {
				"north": {"uv": [0, 0, 3, 0], "texture": "#missing"},
				"east": {"uv": [0, 0, 3, 0], "texture": "#missing"},
				"south": {"uv": [0, 0, 3, 0], "texture": "#missing"},
				"west": {"uv": [0, 0, 3, 0], "texture": "#missing"},
				"up": {"uv": [5.5, 0, 8.5, 2.5], "rotation": 270, "texture": "#0"},
				"down": {"uv": [5.5, 2.5, 8.5, 0], "rotation": 90, "texture": "#0"}
			}
		},
		{
			"from": [6.95, 5.5, 1],
			"to": [10.95, 5.5, 5],
			"rotation": {"angle": 0, "axis": "y", "origin": [8, -3, 3]},
			"faces": {
				"north": {"uv": [0, 0, 6, 0], "texture": "#missing"},
				"east": {"uv": [0, 0, 6, 0], "texture": "#missing"},
				"south": {"uv": [0, 0, 6, 0], "texture": "#missing"},
				"west": {"uv": [0, 0, 6, 0], "texture": "#missing"},
				"up": {"uv": [16, 0, 12, 4], "rotation": 90, "texture": "#0"},
				"down": {"uv": [12, 0, 16, 4], "rotation": 270, "texture": "#0"}
			}
		},
		{
			"from": [8.25, 0.5, -1.5],
			"to": [12.25, 0.5, 2.5],
			"rotation": {"angle": 45, "axis": "x", "origin": [7.75, 0, 3]},
			"faces": {
				"north": {"uv": [0, 0, 6, 0], "texture": "#missing"},
				"east": {"uv": [0, 0, 3, 0], "texture": "#missing"},
				"south": {"uv": [0, 0, 6, 0], "texture": "#missing"},
				"west": {"uv": [0, 0, 3, 0], "texture": "#missing"},
				"up": {"uv": [12, 12, 16, 16], "texture": "#0"},
				"down": {"uv": [12, 16, 16, 12], "texture": "#0"}
			}
		},
		{
			"from": [2.4, 7.6, 1.5],
			"to": [3.4, 7.9, 2.5],
			"rotation": {"angle": 0, "axis": "y", "origin": [2, -1, 2]},
			"faces": {
				"north": {"uv": [7, 15, 8, 15.5], "texture": "#0"},
				"east": {"uv": [8, 15, 7, 15.5], "texture": "#0"},
				"south": {"uv": [7, 15, 8, 15.5], "texture": "#0"},
				"west": {"uv": [8, 15, 7, 15.5], "texture": "#0"},
				"up": {"uv": [8, 15, 7, 16], "texture": "#0"},
				"down": {"uv": [8, 15, 7, 16], "texture": "#0"}
			}
		},
		{
			"from": [1.75, 0, 2],
			"to": [3.25, 7.5, 2],
			"rotation": {"angle": 0, "axis": "y", "origin": [1.75, 0, 2]},
			"faces": {
				"north": {"uv": [0, 7.5, 1.5, 15], "texture": "#0"},
				"east": {"uv": [0, 0, 0, 10], "texture": "#missing"},
				"south": {"uv": [1.5, 7.5, 0, 15], "texture": "#0"},
				"west": {"uv": [0, 0, 0, 10], "texture": "#missing"},
				"up": {"uv": [0, 0, 1.5, 0], "texture": "#missing"},
				"down": {"uv": [0, 0, 1.5, 0], "texture": "#missing"}
			}
		},
		{
			"from": [6.2, 6.4, 0.5],
			"to": [8.7, 6.4, 3.5],
			"rotation": {"angle": 22.5, "axis": "z", "origin": [2, -1.1, 2]},
			"faces": {
				"north": {"uv": [0, 0, 3, 0], "texture": "#missing"},
				"east": {"uv": [0, 0, 3, 0], "texture": "#missing"},
				"south": {"uv": [0, 0, 3, 0], "texture": "#missing"},
				"west": {"uv": [0, 0, 3, 0], "texture": "#missing"},
				"up": {"uv": [5.5, 0, 8.5, 2.5], "rotation": 90, "texture": "#0"},
				"down": {"uv": [5.5, 2.5, 8.5, 0], "rotation": 270, "texture": "#0"}
			}
		},
		{
			"from": [1.45, 6.8, 5.25],
			"to": [4.45, 6.8, 7.75],
			"rotation": {"angle": -22.5, "axis": "x", "origin": [2, -1.1, 2]},
			"faces": {
				"north": {"uv": [0, 0, 3, 0], "texture": "#missing"},
				"east": {"uv": [0, 0, 3, 0], "texture": "#missing"},
				"south": {"uv": [0, 0, 3, 0], "texture": "#missing"},
				"west": {"uv": [0, 0, 3, 0], "texture": "#missing"},
				"up": {"uv": [5.5, 0, 8.5, 2.5], "rotation": 180, "texture": "#0"},
				"down": {"uv": [5.5, 2.5, 8.5, 0], "rotation": 180, "texture": "#0"}
			}
		},
		{
			"from": [1.45, 6.8, -3.85],
			"to": [4.45, 6.8, -1.35],
			"rotation": {"angle": 22.5, "axis": "x", "origin": [2, -1.1, 2]},
			"faces": {
				"north": {"uv": [0, 0, 3, 0], "texture": "#missing"},
				"east": {"uv": [0, 0, 3, 0], "texture": "#missing"},
				"south": {"uv": [0, 0, 3, 0], "texture": "#missing"},
				"west": {"uv": [0, 0, 3, 0], "texture": "#missing"},
				"up": {"uv": [5.5, 0, 8.5, 2.5], "texture": "#0"},
				"down": {"uv": [5.5, 2.5, 8.5, 0], "texture": "#0"}
			}
		},
		{
			"from": [-2.95, 7.15, 0.5],
			"to": [-0.45, 7.15, 3.5],
			"rotation": {"angle": -22.5, "axis": "z", "origin": [2, -1.1, 2]},
			"faces": {
				"north": {"uv": [0, 0, 3, 0], "texture": "#missing"},
				"east": {"uv": [0, 0, 3, 0], "texture": "#missing"},
				"south": {"uv": [0, 0, 3, 0], "texture": "#missing"},
				"west": {"uv": [0, 0, 3, 0], "texture": "#missing"},
				"up": {"uv": [5.5, 0, 8.5, 2.5], "rotation": 270, "texture": "#0"},
				"down": {"uv": [5.5, 2.5, 8.5, 0], "rotation": 90, "texture": "#0"}
			}
		},
		{
			"from": [0.95, 7.5, 0],
			"to": [4.95, 7.5, 4],
			"rotation": {"angle": 0, "axis": "y", "origin": [2, -1, 2]},
			"faces": {
				"north": {"uv": [0, 0, 6, 0], "texture": "#missing"},
				"east": {"uv": [0, 0, 6, 0], "texture": "#missing"},
				"south": {"uv": [0, 0, 6, 0], "texture": "#missing"},
				"west": {"uv": [0, 0, 6, 0], "texture": "#missing"},
				"up": {"uv": [16, 0, 12, 4], "rotation": 90, "texture": "#0"},
				"down": {"uv": [12, 0, 16, 4], "rotation": 270, "texture": "#0"}
			}
		},
		{
			"from": [2.25, 0.5, -2.5],
			"to": [6.25, 0.5, 1.5],
			"rotation": {"angle": 45, "axis": "x", "origin": [1.75, 0, 2]},
			"faces": {
				"north": {"uv": [0, 0, 6, 0], "texture": "#missing"},
				"east": {"uv": [0, 0, 3, 0], "texture": "#missing"},
				"south": {"uv": [0, 0, 6, 0], "texture": "#missing"},
				"west": {"uv": [0, 0, 3, 0], "texture": "#missing"},
				"up": {"uv": [12, 12, 16, 16], "texture": "#0"},
				"down": {"uv": [12, 16, 16, 12], "texture": "#0"}
			}
		}
	],
	"display": {
		"thirdperson_righthand": {
			"translation": [0, 1.5, 0.5],
			"scale": [0.5, 0.5, 0.5]
		},
		"thirdperson_lefthand": {
			"translation": [0, 1.5, 0.5],
			"scale": [0.5, 0.5, 0.5]
		},
		"firstperson_righthand": {
			"translation": [0, 2.75, 2.5],
			"scale": [0.75, 0.75, 0.75]
		},
		"firstperson_lefthand": {
			"rotation": [0, -39, 0],
			"translation": [0, 2.75, 2.25],
			"scale": [0.75, 0.75, 0.75]
		},
		"gui": {
			"rotation": [27, 48, 0]
		},
		"head": {
			"translation": [0, 14.5, 0]
		},
		"fixed": {
			"translation": [0, 0, 0.25]
		}
	},
	"groups": [
		{
			"name": "flower",
			"origin": [-0.25, 0, 0],
			"color": 0,
			"children": [0, 1, 2, 3, 4, 5, 6, 7]
		},
		{
			"name": "flower",
			"origin": [-0.25, 0, 0],
			"color": 0,
			"children": [8, 9, 10, 11, 12, 13, 14, 15]
		},
		{
			"name": "flower",
			"origin": [-0.25, 0, 0],
			"color": 0,
			"children": [16, 17, 18, 19, 20, 21, 22, 23]
		},
		{
			"name": "flower",
			"origin": [-0.25, 0, 0],
			"color": 0,
			"children": [24, 25, 26, 27, 28, 29, 30, 31]
		}
	]
}