{
	"credit": "Made with Blockbench",
	"parent": "minecraft:block/cross",
	"textures": {
		"1": "block/rose_bush_leaves",
		"2": "block/rose_bush_roses",
		"particle": "block/rose_bush_leaves",
		"cross": "block/rose_bush_bottom"
	},
	"elements": [
		{
			"from": [0, 0, 8],
			"to": [16, 16, 8],
			"faces": {
				"north": {"uv": [0, 0, 16, 16], "texture": "#cross"},
				"south": {"uv": [16, 0, 0, 16], "texture": "#cross"}
			}
		},
		{
			"from": [8, 0, 0],
			"to": [8, 16, 16],
			"faces": {
				"east": {"uv": [16, 0, 0, 16], "texture": "#cross"},
				"west": {"uv": [0, 0, 16, 16], "texture": "#cross"}
			}
		},
		{
			"from": [2, 1, 0],
			"to": [2, 9, 16],
			"rotation": {"angle": -45, "axis": "z", "origin": [0, 0, 0]},
			"faces": {
				"north": {"uv": [0, 0, 0, 8], "texture": "#1"},
				"east": {"uv": [16, 0, 0, 8], "texture": "#1"},
				"south": {"uv": [0, 0, 0, 8], "texture": "#1"},
				"west": {"uv": [0, 0, 16, 8], "texture": "#1"},
				"up": {"uv": [0, 0, 0, 16], "texture": "#missing"},
				"down": {"uv": [0, 0, 0, 16], "texture": "#missing"}
			}
		},
		{
			"from": [0, 1, 11],
			"to": [16, 9, 11],
			"rotation": {"angle": -45, "axis": "x", "origin": [0, 11, 0]},
			"faces": {
				"north": {"uv": [16, 0, 0, 8], "texture": "#1"},
				"east": {"uv": [0, 0, 0, 8], "texture": "#1"},
				"south": {"uv": [0, 0, 16, 8], "texture": "#1"},
				"west": {"uv": [0, 0, 0, 8], "texture": "#1"},
				"up": {"uv": [0, 0, 0, 16], "rotation": 270, "texture": "#missing"},
				"down": {"uv": [0, 0, 0, 16], "rotation": 90, "texture": "#missing"}
			}
		},
		{
			"from": [9, 1, 1],
			"to": [9, 9, 17],
			"rotation": {"angle": 45, "axis": "z", "origin": [0, 11, 0]},
			"faces": {
				"north": {"uv": [0, 0, 0, 8], "texture": "#1"},
				"east": {"uv": [0, 8, 16, 16], "texture": "#1"},
				"south": {"uv": [0, 0, 0, 8], "texture": "#1"},
				"west": {"uv": [16, 0, 0, 8], "texture": "#1"},
				"up": {"uv": [0, 0, 0, 16], "rotation": 180, "texture": "#missing"},
				"down": {"uv": [0, 0, 0, 16], "rotation": 180, "texture": "#missing"}
			}
		},
		{
			"from": [-1, 13, 2],
			"to": [15, 21, 2],
			"rotation": {"angle": 45, "axis": "x", "origin": [0, 11, 0]},
			"faces": {
				"north": {"uv": [0, 8, 16, 16], "texture": "#1"},
				"east": {"uv": [0, 0, 0, 8], "texture": "#1"},
				"south": {"uv": [16, 0, 0, 8], "texture": "#1"},
				"west": {"uv": [0, 0, 0, 8], "texture": "#1"},
				"up": {"uv": [0, 0, 0, 16], "rotation": 90, "texture": "#missing"},
				"down": {"uv": [0, 0, 0, 16], "rotation": 270, "texture": "#missing"}
			}
		},
		{
			"from": [2, 12, 0],
			"to": [2, 20, 16],
			"rotation": {"angle": -45, "axis": "z", "origin": [0, 11, 0]},
			"faces": {
				"north": {"uv": [0, 0, 0, 8], "texture": "#1"},
				"east": {"uv": [16, 0, 0, 8], "texture": "#1"},
				"south": {"uv": [0, 0, 0, 8], "texture": "#1"},
				"west": {"uv": [0, 0, 16, 8], "texture": "#1"},
				"up": {"uv": [0, 0, 0, 16], "texture": "#missing"},
				"down": {"uv": [0, 0, 0, 16], "texture": "#missing"}
			}
		},
		{
			"from": [-0.3, 12, 5.6],
			"to": [15.7, 12, 13.6],
			"rotation": {"angle": 22.5, "axis": "x", "origin": [-0.3, 6, 0.6]},
			"faces": {
				"north": {"uv": [0, 0, 0, 16], "rotation": 90, "texture": "#missing"},
				"east": {"uv": [0, 0, 0, 8], "rotation": 90, "texture": "#1"},
				"south": {"uv": [0, 0, 0, 16], "rotation": 90, "texture": "#missing"},
				"west": {"uv": [0, 0, 0, 8], "rotation": 270, "texture": "#1"},
				"up": {"uv": [0, 0, 16, 8], "texture": "#1"},
				"down": {"uv": [16, 0, 0, 8], "rotation": 180, "texture": "#1"}
			}
		},
		{
			"from": [8.7, -4, 1.6],
			"to": [8.7, 4, 17.6],
			"rotation": {"angle": 45, "axis": "z", "origin": [-0.3, 6, 0.6]},
			"faces": {
				"north": {"uv": [0, 0, 0, 8], "texture": "#1"},
				"east": {"uv": [0, 8, 16, 16], "texture": "#1"},
				"south": {"uv": [0, 0, 0, 8], "texture": "#1"},
				"west": {"uv": [16, 8, 0, 16], "texture": "#1"},
				"up": {"uv": [0, 0, 0, 16], "rotation": 180, "texture": "#missing"},
				"down": {"uv": [0, 0, 0, 16], "rotation": 180, "texture": "#missing"}
			}
		},
		{
			"from": [0.7, 7, 1.6],
			"to": [16.7, 15, 1.6],
			"rotation": {"angle": 45, "axis": "x", "origin": [-0.3, 6, 0.6]},
			"faces": {
				"north": {"uv": [0, 0, 16, 8], "texture": "#1"},
				"east": {"uv": [0, 0, 0, 8], "texture": "#1"},
				"south": {"uv": [16, 0, 0, 8], "texture": "#1"},
				"west": {"uv": [0, 0, 0, 8], "texture": "#1"},
				"up": {"uv": [0, 0, 0, 16], "rotation": 90, "texture": "#missing"},
				"down": {"uv": [0, 0, 0, 16], "rotation": 270, "texture": "#missing"}
			}
		},
		{
			"from": [1.7, 7, 1.6],
			"to": [1.7, 15, 17.6],
			"rotation": {"angle": -45, "axis": "z", "origin": [-0.3, 6, 0.6]},
			"faces": {
				"north": {"uv": [0, 0, 0, 8], "texture": "#1"},
				"east": {"uv": [16, 8, 0, 16], "texture": "#1"},
				"south": {"uv": [0, 0, 0, 8], "texture": "#1"},
				"west": {"uv": [0, 8, 16, 16], "texture": "#1"},
				"up": {"uv": [0, 0, 0, 16], "texture": "#missing"},
				"down": {"uv": [0, 0, 0, 16], "texture": "#missing"}
			}
		},
		{
			"from": [1, 1, 1],
			"to": [17, 9, 1],
			"rotation": {"angle": 45, "axis": "x", "origin": [0, 0, 0]},
			"faces": {
				"north": {"uv": [0, 0, 16, 8], "texture": "#1"},
				"east": {"uv": [0, 0, 0, 8], "texture": "#1"},
				"south": {"uv": [16, 0, 0, 8], "texture": "#1"},
				"west": {"uv": [0, 0, 0, 8], "texture": "#1"},
				"up": {"uv": [0, 0, 0, 16], "rotation": 90, "texture": "#missing"},
				"down": {"uv": [0, 0, 0, 16], "rotation": 270, "texture": "#missing"}
			}
		},
		{
			"from": [9, -10, 1],
			"to": [9, -2, 17],
			"rotation": {"angle": 45, "axis": "z", "origin": [0, 0, 0]},
			"faces": {
				"north": {"uv": [0, 0, 0, 8], "texture": "#1"},
				"east": {"uv": [0, 0, 16, 8], "texture": "#1"},
				"south": {"uv": [0, 0, 0, 8], "texture": "#1"},
				"west": {"uv": [16, 0, 0, 8], "texture": "#1"},
				"up": {"uv": [0, 0, 0, 16], "rotation": 180, "texture": "#missing"},
				"down": {"uv": [0, 0, 0, 16], "rotation": 180, "texture": "#missing"}
			}
		},
		{
			"from": [0, 8, 6],
			"to": [16, 8, 14],
			"rotation": {"angle": 22.5, "axis": "x", "origin": [0, 0, 0]},
			"faces": {
				"north": {"uv": [0, 0, 0, 16], "rotation": 90, "texture": "#missing"},
				"east": {"uv": [0, 0, 0, 8], "rotation": 90, "texture": "#1"},
				"south": {"uv": [0, 0, 0, 16], "rotation": 90, "texture": "#missing"},
				"west": {"uv": [0, 0, 0, 8], "rotation": 270, "texture": "#1"},
				"up": {"uv": [0, 8, 16, 16], "texture": "#1"},
				"down": {"uv": [16, 0, 0, 8], "rotation": 180, "texture": "#1"}
			}
		},
		{
			"from": [-0.35, 4.76586, 6.96848],
			"to": [1.9, 7.01586, 9.21848],
			"rotation": {"angle": 22.5, "axis": "z", "origin": [0, 11, 8]},
			"faces": {
				"north": {"uv": [13, 1.5, 16, 4.5], "texture": "#2"},
				"east": {"uv": [2.5, 1.5, 5.5, 4.5], "texture": "#2"},
				"south": {"uv": [2.5, 1.5, 5.5, 4.5], "texture": "#2"},
				"west": {"uv": [16, 1.5, 13, 4.5], "texture": "#2"},
				"down": {"uv": [9.5, 1.5, 12.5, 4.5], "texture": "#2"}
			}
		},
		{
			"from": [-0.25, 4.77586, 7.06848],
			"to": [1.75, 6.77586, 9.06848],
			"rotation": {"angle": 22.5, "axis": "z", "origin": [0, 11, 8]},
			"faces": {
				"north": {"uv": [6, 1.5, 9, 4.5], "texture": "#2"},
				"east": {"uv": [6, 1.5, 9, 4.5], "texture": "#2"},
				"south": {"uv": [6, 1.5, 9, 4.5], "texture": "#2"},
				"west": {"uv": [6, 1.5, 9, 4.5], "texture": "#2"},
				"up": {"uv": [9.5, 1.5, 12.5, 4.5], "texture": "#2"},
				"down": {"uv": [9.5, 1.5, 12.5, 4.5], "texture": "#2"}
			}
		},
		{
			"from": [6.9, 2.76586, 0.96848],
			"to": [9.15, 5.01586, 3.21848],
			"rotation": {"angle": 0, "axis": "z", "origin": [0, 11, 8]},
			"faces": {
				"north": {"uv": [13, 1.5, 16, 4.5], "texture": "#2"},
				"east": {"uv": [2.5, 1.5, 5.5, 4.5], "texture": "#2"},
				"south": {"uv": [2.5, 1.5, 5.5, 4.5], "texture": "#2"},
				"west": {"uv": [16, 1.5, 13, 4.5], "texture": "#2"},
				"down": {"uv": [9.5, 1.5, 12.5, 4.5], "texture": "#2"}
			}
		},
		{
			"from": [7, 13.02586, 4.06848],
			"to": [9, 15.02586, 6.06848],
			"rotation": {"angle": -45, "axis": "x", "origin": [0, 11, 8]},
			"faces": {
				"north": {"uv": [6, 1.5, 9, 4.5], "texture": "#2"},
				"east": {"uv": [6, 1.5, 9, 4.5], "texture": "#2"},
				"south": {"uv": [6, 1.5, 9, 4.5], "texture": "#2"},
				"west": {"uv": [6, 1.5, 9, 4.5], "texture": "#2"},
				"up": {"uv": [9.5, 1.5, 12.5, 4.5], "texture": "#2"},
				"down": {"uv": [9.5, 1.5, 12.5, 4.5], "texture": "#2"}
			}
		},
		{
			"from": [6.9, 13.01586, 3.96848],
			"to": [9.15, 15.26586, 6.21848],
			"rotation": {"angle": -45, "axis": "x", "origin": [0, 11, 8]},
			"faces": {
				"north": {"uv": [13, 1.5, 16, 4.5], "texture": "#2"},
				"east": {"uv": [2.5, 1.5, 5.5, 4.5], "texture": "#2"},
				"south": {"uv": [2.5, 1.5, 5.5, 4.5], "texture": "#2"},
				"west": {"uv": [16, 1.5, 13, 4.5], "texture": "#2"},
				"down": {"uv": [9.5, 1.5, 12.5, 4.5], "texture": "#2"}
			}
		},
		{
			"from": [7, 2.77586, 1.06848],
			"to": [9, 4.77586, 3.06848],
			"rotation": {"angle": 0, "axis": "z", "origin": [0, 11, 8]},
			"faces": {
				"north": {"uv": [6, 1.5, 9, 4.5], "texture": "#2"},
				"east": {"uv": [6, 1.5, 9, 4.5], "texture": "#2"},
				"south": {"uv": [6, 1.5, 9, 4.5], "texture": "#2"},
				"west": {"uv": [6, 1.5, 9, 4.5], "texture": "#2"},
				"up": {"uv": [9.5, 1.5, 12.5, 4.5], "texture": "#2"},
				"down": {"uv": [9.5, 1.5, 12.5, 4.5], "texture": "#2"}
			}
		},
		{
			"from": [6.65, 3.36586, 13.96848],
			"to": [8.9, 5.61586, 16.21848],
			"rotation": {"angle": 22.5, "axis": "y", "origin": [0, 11, 8]},
			"faces": {
				"north": {"uv": [13, 1.5, 16, 4.5], "texture": "#2"},
				"east": {"uv": [2.5, 1.5, 5.5, 4.5], "texture": "#2"},
				"south": {"uv": [2.5, 1.5, 5.5, 4.5], "texture": "#2"},
				"west": {"uv": [16, 1.5, 13, 4.5], "texture": "#2"},
				"down": {"uv": [9.5, 1.5, 12.5, 4.5], "texture": "#2"}
			}
		},
		{
			"from": [2.75, 5.62586, 10.06848],
			"to": [4.25, 7.12586, 11.56848],
			"rotation": {"angle": 45, "axis": "z", "origin": [0, 11, 8]},
			"faces": {
				"north": {"uv": [6, 1.5, 9, 4.5], "texture": "#2"},
				"east": {"uv": [6, 1.5, 9, 4.5], "texture": "#2"},
				"south": {"uv": [6, 1.5, 9, 4.5], "texture": "#2"},
				"west": {"uv": [6, 1.5, 9, 4.5], "texture": "#2"},
				"up": {"uv": [9.5, 1.5, 12.5, 4.5], "texture": "#2"},
				"down": {"uv": [9.5, 1.5, 12.5, 4.5], "texture": "#2"}
			}
		},
		{
			"from": [2.65, 5.61586, 9.96848],
			"to": [4.4, 7.36586, 11.71848],
			"rotation": {"angle": 45, "axis": "z", "origin": [0, 11, 8]},
			"faces": {
				"north": {"uv": [13, 1.5, 16, 4.5], "texture": "#2"},
				"east": {"uv": [2.5, 1.5, 5.5, 4.5], "texture": "#2"},
				"south": {"uv": [2.5, 1.5, 5.5, 4.5], "texture": "#2"},
				"west": {"uv": [16, 1.5, 13, 4.5], "texture": "#2"},
				"down": {"uv": [9.5, 1.5, 12.5, 4.5], "texture": "#2"}
			}
		},
		{
			"from": [6.75, 3.37586, 14.06848],
			"to": [8.75, 5.37586, 16.06848],
			"rotation": {"angle": 22.5, "axis": "y", "origin": [0, 11, 8]},
			"faces": {
				"north": {"uv": [6, 1.5, 9, 4.5], "texture": "#2"},
				"east": {"uv": [6, 1.5, 9, 4.5], "texture": "#2"},
				"south": {"uv": [6, 1.5, 9, 4.5], "texture": "#2"},
				"west": {"uv": [6, 1.5, 9, 4.5], "texture": "#2"},
				"up": {"uv": [9.5, 1.5, 12.5, 4.5], "texture": "#2"},
				"down": {"uv": [9.5, 1.5, 12.5, 4.5], "texture": "#2"}
			}
		},
		{
			"from": [13.65, 15.26586, 6.96848],
			"to": [15.9, 17.51586, 9.21848],
			"rotation": {"angle": -45, "axis": "z", "origin": [0, 11, 8]},
			"faces": {
				"north": {"uv": [13, 1.5, 16, 4.5], "texture": "#2"},
				"east": {"uv": [2.5, 1.5, 5.5, 4.5], "texture": "#2"},
				"south": {"uv": [2.5, 1.5, 5.5, 4.5], "texture": "#2"},
				"west": {"uv": [16, 1.5, 13, 4.5], "texture": "#2"},
				"down": {"uv": [9.5, 1.5, 12.5, 4.5], "texture": "#2"}
			}
		},
		{
			"from": [7, 20.02586, 9.06848],
			"to": [8.5, 21.52586, 10.56848],
			"rotation": {"angle": -45, "axis": "z", "origin": [0, 11, 8]},
			"faces": {
				"north": {"uv": [6, 1.5, 9, 4.5], "texture": "#2"},
				"east": {"uv": [6, 1.5, 9, 4.5], "texture": "#2"},
				"south": {"uv": [6, 1.5, 9, 4.5], "texture": "#2"},
				"west": {"uv": [6, 1.5, 9, 4.5], "texture": "#2"},
				"up": {"uv": [9.5, 1.5, 12.5, 4.5], "texture": "#2"},
				"down": {"uv": [9.5, 1.5, 12.5, 4.5], "texture": "#2"}
			}
		},
		{
			"from": [6.9, 20.01586, 8.96848],
			"to": [8.65, 21.76586, 10.71848],
			"rotation": {"angle": -45, "axis": "z", "origin": [0, 11, 8]},
			"faces": {
				"north": {"uv": [13, 1.5, 16, 4.5], "texture": "#2"},
				"east": {"uv": [2.5, 1.5, 5.5, 4.5], "texture": "#2"},
				"south": {"uv": [2.5, 1.5, 5.5, 4.5], "texture": "#2"},
				"west": {"uv": [16, 1.5, 13, 4.5], "texture": "#2"},
				"down": {"uv": [9.5, 1.5, 12.5, 4.5], "texture": "#2"}
			}
		},
		{
			"from": [13.75, 15.27586, 7.06848],
			"to": [15.75, 17.27586, 9.06848],
			"rotation": {"angle": -45, "axis": "z", "origin": [0, 11, 8]},
			"faces": {
				"north": {"uv": [6, 1.5, 9, 4.5], "texture": "#2"},
				"east": {"uv": [6, 1.5, 9, 4.5], "texture": "#2"},
				"south": {"uv": [6, 1.5, 9, 4.5], "texture": "#2"},
				"west": {"uv": [6, 1.5, 9, 4.5], "texture": "#2"},
				"up": {"uv": [9.5, 1.5, 12.5, 4.5], "texture": "#2"},
				"down": {"uv": [9.5, 1.5, 12.5, 4.5], "texture": "#2"}
			}
		}
	],
	"groups": [
		{
			"name": "bush",
			"origin": [0, 0, 0],
			"color": 0,
			"children": [
				0,
				1,
				{
					"name": "leaves",
					"origin": [0, 0, 0],
					"color": 0,
					"children": [2, 3, 4, 5, 6, 7, 8, 9, 10, 11, 12, 13]
				}
			]
		},
		{
			"name": "roses",
			"origin": [8, 8, 8],
			"color": 0,
			"children": [14, 15, 16, 17, 18, 19, 20, 21, 22, 23, 24, 25, 26, 27]
		}
	]
}