{
	"credit": "Made with Blockbench",
	"textures": {
		"0": "block/vine",
		"1": "block/vine_outer",
		"particle": "block/vine"
	},
	"elements": [
		{
			"from": [0, 0, 0.5],
			"to": [16, 16, 0.5],
			"faces": {
				"north": {"uv": [16, 0, 0, 16], "texture": "#0", "tintindex": 0 },
				"south": {"uv": [0, 0, 16, 16], "texture": "#0", "tintindex": 0 }
			}
		},
		{
			"from": [0, 10.5, 6.65],
			"to": [16, 15, 6.65],
			"rotation": {"angle": -22.5, "axis": "x", "origin": [0, 0, 0]},
			"faces": {
				"north": {"uv": [0, 0, 16, 4.5], "texture": "#1", "tintindex": 0 },
				"east": {"uv": [0, 0, 0, 4.5], "texture": "#missing"},
				"south": {"uv": [0, 0, 16, 4.5], "texture": "#1", "tintindex": 0 },
				"west": {"uv": [0, 0, 0, 4.5], "texture": "#missing"},
				"up": {"uv": [0, 0, 16, 0], "texture": "#missing"},
				"down": {"uv": [0, 0, 16, 0], "texture": "#missing"}
			}
		},
		{
			"from": [0, -1.75, 1.65],
			"to": [16, 2.75, 1.65],
			"rotation": {"angle": -22.5, "axis": "x", "origin": [0, 0, 0]},
			"faces": {
				"north": {"uv": [0, 0, 16, 4.5], "texture": "#1", "tintindex": 0 },
				"east": {"uv": [0, 0, 0, 4.5], "texture": "#missing"},
				"south": {"uv": [0, 0, 16, 4.5], "texture": "#1", "tintindex": 0 },
				"west": {"uv": [0, 0, 0, 4.5], "texture": "#missing"},
				"up": {"uv": [0, 0, 16, 0], "texture": "#missing"},
				"down": {"uv": [0, 0, 16, 0], "texture": "#missing"}
			}
		},
		{
			"from": [-0.5, 2.25, 3.15],
			"to": [6.5, 6.25, 3.15],
			"rotation": {"angle": -22.5, "axis": "x", "origin": [0, 0, 0]},
			"faces": {
				"north": {"uv": [7, 9.5, 0, 13], "texture": "#1", "tintindex": 0 },
				"east": {"uv": [0, 0, 0, 4.5], "texture": "#missing"},
				"south": {"uv": [0, 9.5, 7, 13], "texture": "#1", "tintindex": 0 },
				"west": {"uv": [0, 0, 0, 4.5], "texture": "#missing"},
				"up": {"uv": [0, 0, 7, 0], "texture": "#missing"},
				"down": {"uv": [0, 0, 7, 0], "texture": "#missing"}
			}
		},
		{
			"from": [9.25, 2.25, 3.15],
			"to": [16, 6.25, 3.15],
			"rotation": {"angle": -22.5, "axis": "x", "origin": [0, 0, 0]},
			"faces": {
				"north": {"uv": [16, 0, 9.5, 3.5], "texture": "#1", "tintindex": 0 },
				"east": {"uv": [0, 0, 0, 4.5], "texture": "#missing"},
				"south": {"uv": [9.5, 0, 16, 3.5], "texture": "#1", "tintindex": 0 },
				"west": {"uv": [0, 0, 0, 4.5], "texture": "#missing"},
				"up": {"uv": [0, 0, 7, 0], "texture": "#missing"},
				"down": {"uv": [0, 0, 7, 0], "texture": "#missing"}
			}
		},
		{
			"from": [0, 7.5, 5.65],
			"to": [16, 12.25, 5.65],
			"rotation": {"angle": -22.5, "axis": "x", "origin": [0, 0, 0]},
			"faces": {
				"north": {"uv": [16, 4.5, 0, 9.5], "texture": "#1", "tintindex": 0 },
				"east": {"uv": [0, 0, 0, 4.5], "texture": "#missing"},
				"south": {"uv": [0, 4.5, 16, 9.5], "texture": "#1", "tintindex": 0 },
				"west": {"uv": [0, 0, 0, 4.5], "texture": "#missing"},
				"up": {"uv": [0, 0, 16, 0], "texture": "#missing"},
				"down": {"uv": [0, 0, 16, 0], "texture": "#missing"}
			}
		},
		{
			"from": [0, 5.5, 4.4],
			"to": [16, 9.25, 4.4],
			"rotation": {"angle": -22.5, "axis": "x", "origin": [0, 0, 0]},
			"faces": {
				"north": {"uv": [16, 9.5, 0, 13], "texture": "#1", "tintindex": 0 },
				"east": {"uv": [0, 0, 0, 4.5], "texture": "#missing"},
				"south": {"uv": [0, 9.5, 16, 13], "texture": "#1", "tintindex": 0 },
				"west": {"uv": [0, 0, 0, 4.5], "texture": "#missing"},
				"up": {"uv": [0, 0, 16, 0], "texture": "#missing"},
				"down": {"uv": [0, 0, 16, 0], "texture": "#missing"}
			}
		}
	],
	"display": {}
}