{
	"credit": "Made with Blockbench",
	"parent": "minecraft:block/stem_fruit",
	"textures": {
		"0": "block/crops/wheat_stage7",
		"particle": "block/crops/wheat_stage7"
	},
	"elements": [
		{
			"from": [-9, -1, 4],
			"to": [23, 31, 4],
			"faces": {
				"north": {"uv": [0, 0, 16, 16], "texture": "#0"},
				"south": {"uv": [0, 0, 16, 16], "texture": "#0"}
			}
		},
		{
			"from": [4, -1, -7],
			"to": [4, 31, 25],
			"rotation": {"angle": 0, "axis": "y", "origin": [8, 0, 8]},
			"faces": {
				"east": {"uv": [0, 0, 16, 16], "texture": "#0"},
				"west": {"uv": [0, 0, 16, 16], "texture": "#0"}
			}
		},
		{
			"from": [-7, -1, 12],
			"to": [25, 31, 12],
			"rotation": {"angle": 0, "axis": "y", "origin": [8, 0, 8]},
			"faces": {
				"north": {"uv": [0, 0, 16, 16], "texture": "#0"},
				"south": {"uv": [0, 0, 16, 16], "texture": "#0"}
			}
		},
		{
			"from": [12, -1, -9],
			"to": [12, 31, 23],
			"rotation": {"angle": 0, "axis": "y", "origin": [8, 0, 8]},
			"faces": {
				"east": {"uv": [0, 0, 16, 16], "texture": "#0"},
				"west": {"uv": [0, 0, 16, 16], "texture": "#0"}
			}
		}
	]
}