{
	"credit": "Made with Blockbench",
	"ambientocclusion": false,
	"textures": {
		"0": "block/flowers/white_tulip",
		"particle": "block/flowers/white_tulip"
	},
	"elements": [
		{
			"from": [1.75, 0, 8.25],
			"to": [8.75, 9, 8.25],
			"faces": {
				"north": {"uv": [3.5, 7, 10.5, 16], "texture": "#0"},
				"east": {"uv": [0, 0, 2, 9], "texture": "#missing"},
				"south": {"uv": [10.5, 7, 3.5, 16], "texture": "#0"},
				"west": {"uv": [0, 0, 2, 9], "texture": "#missing"},
				"up": {"uv": [0, 0, 6, 2], "texture": "#missing"},
				"down": {"uv": [0, 0, 6, 2], "texture": "#missing"}
			}
		},
		{
			"from": [4.55, 0, 3.95],
			"to": [4.55, 9, 10.95],
			"faces": {
				"north": {"uv": [0, 0, 2, 9], "texture": "#missing"},
				"east": {"uv": [10.5, 7, 3.5, 16], "texture": "#0"},
				"south": {"uv": [0, 0, 2, 9], "texture": "#missing"},
				"west": {"uv": [3.5, 7, 10.5, 16], "texture": "#0"},
				"up": {"uv": [0, 0, 6, 2], "rotation": 270, "texture": "#missing"},
				"down": {"uv": [0, 0, 6, 2], "rotation": 90, "texture": "#missing"}
			}
		},
		{
			"from": [3, 8.5, 7],
			"to": [5.5, 11.5, 9.5],
			"faces": {
				"north": {"uv": [0, 0, 2.5, 3], "texture": "#0"},
				"east": {"uv": [2.5, 0, 5, 3], "texture": "#0"},
				"south": {"uv": [0, 0, 2.5, 3], "texture": "#0"},
				"west": {"uv": [2.5, 0, 5, 3], "texture": "#0"},
				"down": {"uv": [5, 0, 7.5, 2.5], "texture": "#0"}
			}
		},
		{
			"from": [3.2, 8.6, 7.2],
			"to": [5.3, 11.6, 9.3],
			"faces": {
				"north": {"uv": [11, 0, 13.5, 3], "texture": "#0"},
				"east": {"uv": [8.5, 0, 11, 3], "texture": "#0"},
				"south": {"uv": [11, 0, 13.5, 3], "texture": "#0"},
				"west": {"uv": [8.5, 0, 11, 3], "texture": "#0"},
				"down": {"uv": [13.5, 0, 16, 2.5], "rotation": 270, "texture": "#0"}
			}
		},
		{
			"name": "cube inverted",
			"from": [5.5, 11.5, 9.5],
			"to": [3, 8.5, 7],
			"faces": {
				"north": {"uv": [0, 3, 2.5, 0], "texture": "#0"},
				"east": {"uv": [2.5, 3, 5, 0], "texture": "#0"},
				"south": {"uv": [0, 3, 2.5, 0], "texture": "#0"},
				"west": {"uv": [2.5, 3, 5, 0], "texture": "#0"},
				"up": {"uv": [7.5, 0, 5, 2.5], "texture": "#0"}
			}
		},
		{
			"name": "cube inverted",
			"from": [5.3, 11.6, 9.3],
			"to": [3.2, 8.6, 7.2],
			"faces": {
				"north": {"uv": [11, 3, 13.5, 0], "texture": "#0"},
				"east": {"uv": [8.5, 3, 11, 0], "texture": "#0"},
				"south": {"uv": [11, 3, 13.5, 0], "texture": "#0"},
				"west": {"uv": [8.5, 3, 11, 0], "texture": "#0"},
				"up": {"uv": [13.5, 2.5, 16, 0], "rotation": 270, "texture": "#0"}
			}
		},
		{
			"from": [10.75, 0, 7.25],
			"to": [17.75, 7, 7.25],
			"rotation": {"angle": -22.5, "axis": "y", "origin": [0, 0, 0]},
			"faces": {
				"north": {"uv": [3.5, 7, 10.5, 14], "texture": "#0"},
				"east": {"uv": [0, 0, 0, 7], "texture": "#missing"},
				"south": {"uv": [10.5, 7, 3.5, 14], "texture": "#0"},
				"west": {"uv": [0, 0, 2, 9], "texture": "#missing"},
				"up": {"uv": [0, 0, 6, 2], "texture": "#missing"},
				"down": {"uv": [0, 0, 6, 2], "texture": "#missing"}
			}
		},
		{
			"from": [13.55, 0, 2.95],
			"to": [13.55, 7, 9.95],
			"rotation": {"angle": -22.5, "axis": "y", "origin": [0, 0, 0]},
			"faces": {
				"north": {"uv": [0, 0, 2, 9], "texture": "#missing"},
				"east": {"uv": [10.5, 7, 3.5, 14], "texture": "#0"},
				"south": {"uv": [0, 0, 2, 9], "texture": "#missing"},
				"west": {"uv": [3.5, 7, 10.5, 14], "texture": "#0"},
				"up": {"uv": [0, 0, 6, 2], "rotation": 270, "texture": "#missing"},
				"down": {"uv": [0, 0, 6, 2], "rotation": 90, "texture": "#missing"}
			}
		},
		{
			"from": [12, 6.5, 6],
			"to": [14.5, 9.5, 8.5],
			"rotation": {"angle": -22.5, "axis": "y", "origin": [0, 0, 0]},
			"faces": {
				"north": {"uv": [0, 0, 2.5, 3], "texture": "#0"},
				"east": {"uv": [2.5, 0, 5, 3], "texture": "#0"},
				"south": {"uv": [0, 0, 2.5, 3], "texture": "#0"},
				"west": {"uv": [2.5, 0, 5, 3], "texture": "#0"},
				"down": {"uv": [5, 0, 7.5, 2.5], "texture": "#0"}
			}
		},
		{
			"from": [12.2, 6.6, 6.2],
			"to": [14.3, 9.6, 8.3],
			"rotation": {"angle": -22.5, "axis": "y", "origin": [0, 0, 0]},
			"faces": {
				"north": {"uv": [11, 0, 13.5, 3], "texture": "#0"},
				"east": {"uv": [8.5, 0, 11, 3], "texture": "#0"},
				"south": {"uv": [11, 0, 13.5, 3], "texture": "#0"},
				"west": {"uv": [8.5, 0, 11, 3], "texture": "#0"},
				"down": {"uv": [13.5, 0, 16, 2.5], "rotation": 270, "texture": "#0"}
			}
		},
		{
			"name": "cube inverted",
			"from": [14.5, 9.5, 8.5],
			"to": [12, 6.5, 6],
			"rotation": {"angle": -22.5, "axis": "y", "origin": [0, 0, 0]},
			"faces": {
				"north": {"uv": [0, 3, 2.5, 0], "texture": "#0"},
				"east": {"uv": [2.5, 3, 5, 0], "texture": "#0"},
				"south": {"uv": [0, 3, 2.5, 0], "texture": "#0"},
				"west": {"uv": [2.5, 3, 5, 0], "texture": "#0"},
				"up": {"uv": [7.5, 0, 5, 2.5], "texture": "#0"}
			}
		},
		{
			"name": "cube inverted",
			"from": [14.3, 9.6, 8.3],
			"to": [12.2, 6.6, 6.2],
			"rotation": {"angle": -22.5, "axis": "y", "origin": [0, 0, 0]},
			"faces": {
				"north": {"uv": [11, 3, 13.5, 0], "texture": "#0"},
				"east": {"uv": [8.5, 3, 11, 0], "texture": "#0"},
				"south": {"uv": [11, 3, 13.5, 0], "texture": "#0"},
				"west": {"uv": [8.5, 3, 11, 0], "texture": "#0"},
				"up": {"uv": [13.5, 2.5, 16, 0], "rotation": 270, "texture": "#0"}
			}
		},
		{
			"from": [9.75, 0, 0.25],
			"to": [16.75, 9, 0.25],
			"rotation": {"angle": -22.5, "axis": "y", "origin": [0, 0, 0]},
			"faces": {
				"north": {"uv": [3.5, 7, 10.5, 16], "texture": "#0"},
				"east": {"uv": [0, 0, 2, 9], "texture": "#missing"},
				"south": {"uv": [10.5, 7, 3.5, 16], "texture": "#0"},
				"west": {"uv": [0, 0, 2, 9], "texture": "#missing"},
				"up": {"uv": [0, 0, 6, 2], "texture": "#missing"},
				"down": {"uv": [0, 0, 6, 2], "texture": "#missing"}
			}
		},
		{
			"from": [12.55, 0, -4.05],
			"to": [12.55, 9, 2.95],
			"rotation": {"angle": -22.5, "axis": "y", "origin": [0, 0, 0]},
			"faces": {
				"north": {"uv": [0, 0, 2, 9], "texture": "#missing"},
				"east": {"uv": [10.5, 7, 3.5, 16], "texture": "#0"},
				"south": {"uv": [0, 0, 2, 9], "texture": "#missing"},
				"west": {"uv": [3.5, 7, 10.5, 16], "texture": "#0"},
				"up": {"uv": [0, 0, 6, 2], "rotation": 270, "texture": "#missing"},
				"down": {"uv": [0, 0, 6, 2], "rotation": 90, "texture": "#missing"}
			}
		},
		{
			"from": [11, 8.5, -1],
			"to": [13.5, 11.5, 1.5],
			"rotation": {"angle": -22.5, "axis": "y", "origin": [0, 0, 0]},
			"faces": {
				"north": {"uv": [0, 0, 2.5, 3], "texture": "#0"},
				"east": {"uv": [2.5, 0, 5, 3], "texture": "#0"},
				"south": {"uv": [0, 0, 2.5, 3], "texture": "#0"},
				"west": {"uv": [2.5, 0, 5, 3], "texture": "#0"},
				"down": {"uv": [5, 0, 7.5, 2.5], "texture": "#0"}
			}
		},
		{
			"from": [11.2, 8.6, -0.8],
			"to": [13.3, 11.6, 1.3],
			"rotation": {"angle": -22.5, "axis": "y", "origin": [0, 0, 0]},
			"faces": {
				"north": {"uv": [11, 0, 13.5, 3], "texture": "#0"},
				"east": {"uv": [8.5, 0, 11, 3], "texture": "#0"},
				"south": {"uv": [11, 0, 13.5, 3], "texture": "#0"},
				"west": {"uv": [8.5, 0, 11, 3], "texture": "#0"},
				"down": {"uv": [13.5, 0, 16, 2.5], "rotation": 270, "texture": "#0"}
			}
		},
		{
			"name": "cube inverted",
			"from": [13.5, 11.5, 1.5],
			"to": [11, 8.5, -1],
			"rotation": {"angle": -22.5, "axis": "y", "origin": [0, 0, 0]},
			"faces": {
				"north": {"uv": [0, 3, 2.5, 0], "texture": "#0"},
				"east": {"uv": [2.5, 3, 5, 0], "texture": "#0"},
				"south": {"uv": [0, 3, 2.5, 0], "texture": "#0"},
				"west": {"uv": [2.5, 3, 5, 0], "texture": "#0"},
				"up": {"uv": [7.5, 0, 5, 2.5], "texture": "#0"}
			}
		},
		{
			"name": "cube inverted",
			"from": [13.3, 11.6, 1.3],
			"to": [11.2, 8.6, -0.8],
			"rotation": {"angle": -22.5, "axis": "y", "origin": [0, 0, 0]},
			"faces": {
				"north": {"uv": [11, 3, 13.5, 0], "texture": "#0"},
				"east": {"uv": [8.5, 3, 11, 0], "texture": "#0"},
				"south": {"uv": [11, 3, 13.5, 0], "texture": "#0"},
				"west": {"uv": [8.5, 3, 11, 0], "texture": "#0"},
				"up": {"uv": [13.5, 2.5, 16, 0], "rotation": 270, "texture": "#0"}
			}
		}
	],
	"display": {
		"thirdperson_righthand": {
			"translation": [0, 1.5, 0.5],
			"scale": [0.5, 0.5, 0.5]
		},
		"thirdperson_lefthand": {
			"translation": [0, 1.5, 0.5],
			"scale": [0.5, 0.5, 0.5]
		},
		"firstperson_righthand": {
			"translation": [0, 2.75, 2.5],
			"scale": [0.75, 0.75, 0.75]
		},
		"firstperson_lefthand": {
			"rotation": [0, -39, 0],
			"translation": [0, 2.75, 2.25],
			"scale": [0.75, 0.75, 0.75]
		},
		"gui": {
			"rotation": [27, 48, 0]
		},
		"head": {
			"translation": [0, 14.5, 0]
		},
		"fixed": {
			"translation": [0, 0, 0.25]
		}
	},
	"groups": [
		{
			"name": "flower",
			"origin": [0, 0, 0],
			"color": 0,
			"children": [
				0,
				1,
				2,
				3,
				4,
				5,
				{
					"name": "flower",
					"origin": [0, 0, 0],
					"color": 0,
					"children": [6, 7, 8, 9, 10, 11]
				}
			]
		},
		{
			"name": "flower",
			"origin": [0, 0, 0],
			"color": 0,
			"children": [12, 13, 14, 15, 16, 17]
		}
	]
}